Line,Donor,Donor_CIMMYT_ID,Donor_ID,Donor_Accession,Donor_Race,Donor_Lat,Donor_Lon,Donor_Ele,F1,BC1 (458),BC1_ALTERNATIVE,BC1S1 (463),BC1S2 (426),BC1S3 (397),BC1 S4 (223),BC1 S4 BULK,,IRA19,IRA19BC1,,,,,
LANDB001A,Mex_1-High,CIMMYTMA-010234,NA,PUEB 552,CACAHUACINTLE,19,-97.38333333,2600,,RS17-78xB73,RS17-256xB73,RS17-6598.1@,UL18A-465@,UNISEM_18B_1525@,RS19-3064,,,,,,,,,
LANDB001B,Mex_1-High,CIMMYTMA-010234,NA,PUEB 552,CACAHUACINTLE,19,-97.38333333,2600,,RS17-78xB73,RS17-256xB73,RS17-6598.2@,UL18A-466@,,,,,,,,,,,
LANDB001C,Mex_1-High,CIMMYTMA-010234,NA,PUEB 552,CACAHUACINTLE,19,-97.38333333,2600,,RS17-78xB73,RS17-256xB73,UNISEM_18B_1527@,UNISEM19A_RS-2(RS19-7002)@,UNISEM19B-12620,RS20-3355,,,,,,,,,
LANDB002A,Mex_1-Low,CIMMYTMA-005460,1621,GUER51,TUXPEN,18.35,-100.65,245,,RS17-79xB73,RS17-257xB73,RS17-6599.1@,UL18A-468@,UNISEM_18B_1528@,RS19-3065,,,,,,,,,
LANDB002B,Mex_1-Low,CIMMYTMA-005460,1621,GUER51,TUXPEN,18.35,-100.65,245,,RS17-79xB73,RS17-257xB73,RS17-6599.2@,UL18A-469@,UNISEM_18B_1529@,,,,,,,,,,
LANDB002C,Mex_1-Low,CIMMYTMA-005460,1621,GUER51,TUXPEN,18.35,-100.65,245,,RS17-79xB73,RS17-257xB73,UL18A-470@,UNISEM_18B_1530@,UNISEM19B-12621,RS20-3356,,,,,,,,,
LANDB003A,Mex_10-High,CIMMYTMA-027432,4332,CHIS846,,16.75,-92.63,2131,,RS17-109xB73,RS17-196xB73,RS17-6600.1@,UL18A-471@,UNISEM_18B_1531@,,,,,,,,,,
LANDB003B,Mex_10-High,CIMMYTMA-027432,4332,CHIS846,,16.75,-92.63,2131,,RS17-109xB73,RS17-196xB73,RS17-6600.2@,UL18A-472@,UNISEM_18B_1532@,RS19-3068,,,,,,,,,
LANDB003C,Mex_10-High,CIMMYTMA-027432,4332,CHIS846,,16.75,-92.63,2131,,RS17-109xB73,RS17-196xB73,RS17-6600.3@,UL18A-473@,UNISEM_18B_1533@,RS19-3069,,,,,,,,,
LANDB004A,Mex_10-Low,CIMMYTMA-025027,26589,OAXA520,ZAPCHI,16.478858,-95.001338,28,,RS17-197xB73,,RS17-6601.1@,UL18A-474@,UNISEM_18B_1534@,RS19-3070,,,,,,,,,
LANDB004B,Mex_10-Low,CIMMYTMA-025027,26589,OAXA520,ZAPCHI,16.478858,-95.001338,28,,RS17-197xB73,,RS17-6601.2@,UL18A-475@,UNISEM_18B_1535@,RS19-3071,,,,,,,,,
LANDB004C,Mex_10-Low,CIMMYTMA-025027,26589,OAXA520,ZAPCHI,16.478858,-95.001338,28,,RS17-197xB73,,UL18A-476@,UNISEM19A_RS-4(RS19-7004)@,UNISEM19B-12622,RS20-3357,,,,,,,,,
LANDB005A,Mex_11-High,CIMMYTMA-021008,23354,CHIH369,HEMBRA,29.354404,-107.755055,2145,,RS17-96xB73,RS17-158xB73,RS17-6602.1@,UL18A-477@,UNISEM_18B_1537@,RS19-3072,,,,,,,,,
LANDB005B,Mex_11-High,CIMMYTMA-021008,23354,CHIH369,HEMBRA,29.354404,-107.755055,2145,,RS17-96xB73,RS17-158xB73,RS17-6602.2@,UL18A-478@,UNISEM_18B_1538@,,,,,,,,,,
LANDB005C,Mex_11-High,CIMMYTMA-021008,23354,CHIH369,HEMBRA,29.354404,-107.755055,2145,,RS17-96xB73,RS17-158xB73,RS17-6602.3@,UL18A-479@,UNISEM_18B_1539@,,,,,,,,,,
LANDB006A,Mex_11-Low,CIMMYTMA-000645,8489,CHIH15,CELAYA,29.566727,-104.563018,798,,RS17-97xB73,,RS17-6603.1@,UL18A-480@,UNISEM_18B_1540@,RS19-3075,,,,,,,,,
LANDB006B,Mex_11-Low,CIMMYTMA-000645,8489,CHIH15,CELAYA,29.566727,-104.563018,798,,RS17-97xB73,,RS17-6603.2@,UL18A-481@,UNISEM_18B_1541@,RS19-3076,,,,,,,,,
LANDB006C,Mex_11-Low,CIMMYTMA-000645,8489,CHIH15,CELAYA,29.566727,-104.563018,798,,RS17-97xB73,,RS17-6603.3@,UL18A-482@,UNISEM_18B_1542@,RS19-3077,,,,,,,,,
LANDB007A,Mex_12-High,CIMMYTMA-019483,22098,ZACA134,CONNOR,22.902593,-103.478062,2019,,RS17-166xB73,,RS17-6604.1@,UL18A-483@,UNISEM_18B_1543@,RS19-3078,,,,,,,,,
LANDB007B,Mex_12-High,CIMMYTMA-019483,22098,ZACA134,CONNOR,22.902593,-103.478062,2019,,RS17-166xB73,,RS17-6604.2@,UL18A-484@,UNISEM_18B_1544@,RS19-3079,,,,,,,,,
LANDB007C,Mex_12-High,CIMMYTMA-019483,22098,ZACA134,CONNOR,22.902593,-103.478062,2019,,RS17-166xB73,,RS17-6604.3@,UL18A-485@,UNISEM_18B_1545@,RS19-3080,,,,,,,,,
LANDB008A,Mex_12-Low,CIMMYTMA-023628,3860,SNLP143,CONICO,21.93333333,-100,994,,RS17-31xB73,,RS17-6605.1@,UL18A-486@,UNISEM_18B_1546@,,,,,,,,,,
LANDB008B,Mex_12-Low,CIMMYTMA-023628,3860,SNLP143,CONICO,21.93333333,-100,994,,RS17-31xB73,,RS17-6605.2@,UL18A-487@,UNISEM_18B_1547@,RS19-3082,,,,,,,,,
LANDB008C,Mex_12-Low,CIMMYTMA-023628,3860,SNLP143,CONICO,21.93333333,-100,994,,RS17-31xB73,,UL18A-488@,UNISEM19A_RS-5(RS19-7005)@,UNISEM19B-12623,,,,,,,,,,
LANDB009A,Mex_13-High,CIMMYTMA-001535,9107,QUER56,CONNOR,20.7,-99.8,2039,,RS17-59xB73,,RS17-6606.1@,UNISEM_18B_1549@,UNISEM19A_RS-6(RS19-7006)@,,,,,,,,,,
LANDB009B,Mex_13-High,CIMMYTMA-001535,9107,QUER56,CONNOR,20.7,-99.8,2039,,RS17-59xB73,,RS17-6606.2@,UNISEM_18B_1550@,UNISEM19A_RS-7(RS19-7007)@,,,,,,,,,,
LANDB009C,Mex_13-High,CIMMYTMA-001535,9107,QUER56,CONNOR,20.7,-99.8,2039,,RS17-59xB73,,UL18A-491@,UNISEM_18B_1551@,UNISEM19B-12624,RS20-3359,,,,,,,,,
LANDB010A,Mex_13-Low,CIMMYTMA-007026,13069,NAYA149,TUXPEN,21.2,-105.1666667,8,,RS17-58xB73,RS17-234xB73,RS17-6607.1@,UL18A-492@,UNISEM_18B_1552@,,,,,,,,,,
LANDB010B,Mex_13-Low,CIMMYTMA-007026,13069,NAYA149,TUXPEN,21.2,-105.1666667,8,,RS17-58xB73,RS17-234xB73,RS17-6607.2@,UL18A-493@,UNISEM_18B_1553@,RS19-3084,,,,,,,,,
LANDB010C,Mex_13-Low,CIMMYTMA-007026,13069,NAYA149,TUXPEN,21.2,-105.1666667,8,,RS17-58xB73,RS17-234xB73,RS17-6607.3@,UL18A-494@,UNISEM19A_RS-9(RS19-7009)@,,,,,,,,,,
LANDB011A,Mex_14-High,CIMMYTMA-006081,1807,OAXA350,CONICO,17.190837,-97.867153,2338,,RS17-255xB73,,UL18A-495@,UNISEM_18B_1555@,UNISEM19A_RS-10(RS19-7010)@,,,,,,,,,,
LANDB011B,Mex_14-High,CIMMYTMA-006081,1807,OAXA350,CONICO,17.190837,-97.867153,2338,,RS17-255xB73,,,,,,,,,,,,,,
LANDB011C,Mex_14-High,CIMMYTMA-006081,1807,OAXA350,CONICO,17.190837,-97.867153,2338,,RS17-255xB73,,,,,,,,,,,,,,
LANDB012A,Mex_14-Low,CIMMYTMA-025041,4033,CHIS533,OLOTIL,16.7,-93.71666667,547,,RS17-254xB73,RS17-254xB73,RS17-6609.1@,UNISEM_18B_1558@,UNISEM19A_RS-11(RS19-7011)@,,,,,,,,,,
LANDB012B,Mex_14-Low,CIMMYTMA-025041,4033,CHIS533,OLOTIL,16.7,-93.71666667,547,,RS17-254xB73,RS17-254xB73,RS17-6609.2@,UL18A-499@,UNISEM_18B_1559@,RS19-3085,,,,,,,,,
LANDB012C,Mex_14-Low,CIMMYTMA-025041,4033,CHIS533,OLOTIL,16.7,-93.71666667,547,,RS17-254xB73,RS17-254xB73,RS17-6609.3@,UL18A-500@,UNISEM_18B_1560@,RS19-3086,,,,,,,,,
LANDB013A,Mex_15-High,CIMMYTMA-005606,11999,MICH355,CACAHU,19.65,-102.2666667,2287,,RS17-126xB73,RS17-250xB73,RS17-6610.1@,UL18A-501@,,,UL18A-501@,,,,,,,,
LANDB013B,Mex_15-High,CIMMYTMA-005606,11999,MICH355,CACAHU,19.65,-102.2666667,2287,,RS17-126xB73,RS17-250xB73,,,,,,,,,,,,,
LANDB013C,Mex_15-High,CIMMYTMA-005606,11999,MICH355,CACAHU,19.65,-102.2666667,2287,,RS17-126xB73,RS17-250xB73,UL18A-503@,UNISEM_18B_1563@,UNISEM19B-12626,,,,,,,,,,
LANDB014A,Mex_15-Low,CIMMYTMA-017852,20799,MORE128,TUXPEN,18.71666667,-99.36666667,952,,RS17-127xB73,RS17-251xB73,RS17-6611.1@,UL18A-504@,UNISEM_18B_1564@,RS19-3087,,,,,,,,,
LANDB014B,Mex_15-Low,CIMMYTMA-017852,20799,MORE128,TUXPEN,18.71666667,-99.36666667,952,,RS17-127xB73,RS17-251xB73,RS17-6611.2@,UL18A-505@,UNISEM_18B_1565@,RS19-3088,,,,,,,,,
LANDB014C,Mex_15-Low,CIMMYTMA-017852,20799,MORE128,TUXPEN,18.71666667,-99.36666667,952,,RS17-127xB73,RS17-251xB73,RS17-6611.3@,UL18A-506@,UNISEM_18B_1566@,RS19-3089,,,,,,,,,
LANDB015A,Mex_16-High,CIMMYTMA-021113,23459,CHIH474,CELAYA,28.53333333,-106.6333333,2141,,RS17-222xB73,RS17-222xB73,RS17-6612.1@,UNISEM_18B_1567@,UNISEM19A_RS-14(RS19-7014)@,,,,,,,,,,
LANDB015B,Mex_16-High,CIMMYTMA-021113,23459,CHIH474,CELAYA,28.53333333,-106.6333333,2141,,RS17-222xB73,RS17-222xB73,RS17-6612.2@,UL18A-508@,UNISEM_18B_1568@,RS19-3090,,,,,,,,,
LANDB015C,Mex_16-High,CIMMYTMA-021113,23459,CHIH474,CELAYA,28.53333333,-106.6333333,2141,,RS17-222xB73,RS17-222xB73,UL18A-509@,UNISEM_18B_1569@,UNISEM19A_RS-15(RS19-7015)@,,,,,,,,,,
LANDB016A,Mex_16-Low,CIMMYTMA-007344,13276,SONO169,ONAVEN,29.43544,-110.367266,390,,RS17-122xB73,,RS17-6613.1@,UL18A-510@,UNISEM_18B_1570@,RS19-3091,,,,,,,,,
LANDB016B,Mex_16-Low,CIMMYTMA-007344,13276,SONO169,ONAVEN,29.43544,-110.367266,390,,RS17-122xB73,,RS17-6613.2@,UL18A-511@,UNISEM_18B_1571@,RS19-3092,,,,,,,,,
LANDB016C,Mex_16-Low,CIMMYTMA-007344,13276,SONO169,ONAVEN,29.43544,-110.367266,390,,RS17-122xB73,,RS17-6613.3@,UL18A-512@,UNISEM_18B_1572@,,,,,,,,,,
LANDB017A,Mex_17-High,CIMMYTMA-013920,17759,OAXA69,,17.45,-97.21666667,2083,,RS17-46xB73,RS17-264xB73,RS17-6614.1@,UL18A-513@,UNISEM_18B_1573@,RS19-3094,,,,,,,,,
LANDB017B,Mex_17-High,CIMMYTMA-013920,17759,OAXA69,,17.45,-97.21666667,2083,,RS17-46xB73,RS17-264xB73,RS17-6614.2@,UL18A-514@,UNISEM_18B_1574@,RS19-3095,,,,,,,,,
LANDB017C,Mex_17-High,CIMMYTMA-013920,17759,OAXA69,,17.45,-97.21666667,2083,,RS17-46xB73,RS17-264xB73,RS17-6614.3@,UL18A-515@,UNISEM_18B_1575@,RS19-3096,,,,,,,,,
LANDB018A,Mex_17-Low,CIMMYTMA-017793,20755,BELI9,,17.08333333,-89.13333333,97,,RS17-47xB73,RS17-265xB73,RS17-6615.1@,UNISEM_18B_1576@,UNISEM19A_RS-16(RS19-7016)@,,,,,,,,,,
LANDB018B,Mex_17-Low,CIMMYTMA-017793,20755,BELI9,,17.08333333,-89.13333333,97,,RS17-47xB73,RS17-265xB73,RS17-6615.2@,UL18A-517@,UNISEM_18B_1577@,RS19-3097,,,,,,,,,
LANDB018C,Mex_17-Low,CIMMYTMA-017793,20755,BELI9,,17.08333333,-89.13333333,97,,RS17-47xB73,RS17-265xB73,RS17-6615.3@,UL18A-518@,UNISEM_18B_1578@,RS19-3098,,,,,,,,,
LANDB019A,Mex_18-High,CIMMYTMA-021313,3638,JALI576,CELAYA,21.01666667,-102.1666667,2055,,RS17-219xB73,RS17-219xB73,RS17-6616.1@,UL18A-519@,UNISEM_18B_1579@,RS19-3099,,,,,,,,,
LANDB019B,Mex_18-High,CIMMYTMA-021313,3638,JALI576,CELAYA,21.01666667,-102.1666667,2055,,RS17-219xB73,RS17-219xB73,RS17-6616.2@,UNISEM_18B_1580@,UNISEM19A_RS-17(RS19-7017)@,,,,,,,,,,
LANDB019C,Mex_18-High,CIMMYTMA-021313,3638,JALI576,CELAYA,21.01666667,-102.1666667,2055,,RS17-219xB73,RS17-219xB73,UNISEM_18B_1581@,UNISEM19A_RS-18(RS19-7018)@,UNISEM19B-12627,RS20-3361,,,,,,,,,
LANDB020A,Mex_18-Low,CIMMYTMA-007076,13097,NAYA222,BOFO,21.71666667,-104.8833333,177,,RS17-92xB73,RS17-218xB73,RS17-6617.1@,UNISEM_18B_1582@,UNISEM19B-12628,,,,,,,,,,
LANDB020B,Mex_18-Low,CIMMYTMA-007076,13097,NAYA222,BOFO,21.71666667,-104.8833333,177,,RS17-92xB73,RS17-218xB73,RS17-6617.2@,UNISEM_18B_1583@,UNISEM19B-12629,,,,,,,,,,
LANDB020C,Mex_18-Low,CIMMYTMA-007076,13097,NAYA222,BOFO,21.71666667,-104.8833333,177,,RS17-92xB73,RS17-218xB73,RS17-6617.3@,UL18A-524@,UNISEM_18B_1584@,RS19-3100,,,,,,,,,
LANDB021A,Mex_19-High,CIMMYTMA-016642,20134,JALI348,CELAYA,21.88333333,-101.5833333,2213,,RS17-26xB73,RS17-185xB73,RS17-6618.1@,UL18A-525@,UNISEM_18B_1585@,,,,,,,,,,
LANDB021B,Mex_19-High,CIMMYTMA-016642,20134,JALI348,CELAYA,21.88333333,-101.5833333,2213,,RS17-26xB73,RS17-185xB73,RS17-6618.2@,UL18A-526@,UNISEM_18B_1586@,,,,,,,,,,
LANDB021C,Mex_19-High,CIMMYTMA-016642,20134,JALI348,CELAYA,21.88333333,-101.5833333,2213,,RS17-26xB73,RS17-185xB73,RS17-6618.3@,UNISEM_18B_1587@,UNISEM19B-12630,,,,,,,,,,
LANDB022A,Mex_19-Low,CIMMYTMA-023971,25890,NAYA223,BOFO,22.274119,-104.469957,648,,RS17-184xB73,RS17-184xB73,RS17-6619.1@,UL18A-528@,UNISEM_18B_1588@,RS19-3103,,,,,,,,,
LANDB022B,Mex_19-Low,CIMMYTMA-023971,25890,NAYA223,BOFO,22.274119,-104.469957,648,,RS17-184xB73,RS17-184xB73,RS17-6619.2@,UL18A-529@,UNISEM_18B_1589@,RS19-3104,,,,,,,,,
LANDB022C,Mex_19-Low,CIMMYTMA-023971,25890,NAYA223,BOFO,22.274119,-104.469957,648,,RS17-184xB73,RS17-184xB73,UL18A-530@,UNISEM_18B_1590@,UNISEM19A_RS-22(RS19-7022)@,,,,,,,,,,
LANDB023A,Mex_20-High,CIMMYTMA-021154,23500,CHIH515,CONNOR,28.55,-107.5,2046,,RS17-129xB73,,RS17-6620.1@,UL18A-531@,UNISEM_18B_1591@,,,,,,,,,,
LANDB023B,Mex_20-High,CIMMYTMA-021154,23500,CHIH515,CONNOR,28.55,-107.5,2046,,RS17-129xB73,,RS17-6620.2@,UNISEM_18B_1592@,UNISEM19A_RS-23(RS19-7023)@,,,,,,,,,,
LANDB023C,Mex_20-High,CIMMYTMA-021154,23500,CHIH515,CONNOR,28.55,-107.5,2046,,RS17-129xB73,,UL18A-533@,UNISEM_18B_1593@,UNISEM19B-12631,RS20-3365.1@,,,,,,,,,
LANDB024A,Mex_20-Low,CIMMYTMA-000449,189,COAH64,TUXPEN,28.26979,-100.726374,356,,RS17-128xB73,,RS17-6621.1@,UL18A-534@,UNISEM_18B_1594@,RS19-3106,,,,,,,,,
LANDB024B,Mex_20-Low,CIMMYTMA-000449,189,COAH64,TUXPEN,28.26979,-100.726374,356,,RS17-128xB73,,RS17-6621.2@,UL18A-535@,UNISEM_18B_1595@,RS19-3107,,,,,,,,,
LANDB024C,Mex_20-Low,CIMMYTMA-000449,189,COAH64,TUXPEN,28.26979,-100.726374,356,,RS17-128xB73,,RS17-6621.3@,UL18A-536@,UNISEM_18B_1596@,RS19-3108,,,,,,,,,
LANDB025A,Mex_22-High,CIMMYTMA-013771,17632,GUAN333,,21.48333333,-101.2166667,2091,,RS17-37xB73,,RS17-6622.1@,UNISEM_18B_1597@,UNISEM19B-12632,RS20-3366.1@,,,,,,,,,
LANDB025B,Mex_22-High,CIMMYTMA-013771,17632,GUAN333,,21.48333333,-101.2166667,2091,,RS17-37xB73,,RS17-6622.2@,UNISEM_18B_1598@,UNISEM19A_RS-26(RS19-7026)@,,,,,,,,,,
LANDB025C,Mex_22-High,CIMMYTMA-013771,17632,GUAN333,,21.48333333,-101.2166667,2091,,RS17-37xB73,,RS17-6622.3@,UL18A-539@,UNISEM_18B_1599@,RS19-3109,,,,,,,,,
LANDB026A,Mex_22-Low,CIMMYTMA-003266,10357,VERA201,TEPECI,21.1,-97.75,88,,RS17-36xB73,,RS17-6623.1@,UL18A-540@,UNISEM_18B_1600@,RS19-3110,,,,,,,,,
LANDB026B,Mex_22-Low,CIMMYTMA-003266,10357,VERA201,TEPECI,21.1,-97.75,88,,RS17-36xB73,,UL18A-541@,UNISEM_18B_1601@,UNISEM19B-12633,RS20-3367.1@,,,,,,,,,
LANDB026C,Mex_22-Low,CIMMYTMA-003266,10357,VERA201,TEPECI,21.1,-97.75,88,,RS17-36xB73,,UL18A-542@,UNISEM_18B_1602@,UNISEM19B-12634,RS20-3368.1@,,,,,,,,,
LANDB027A,Mex_23-High,CIMMYTMA-021332,23654,JALI637,CELAYA,20.81666667,-102.6666667,2017,,RS17-212xB73,RS17-212xB73,RS17-6624.1@,UL18A-543@,UNISEM_18B_1603@,RS19-3111,,,,,,,,,
LANDB027B,Mex_23-High,CIMMYTMA-021332,23654,JALI637,CELAYA,20.81666667,-102.6666667,2017,,RS17-212xB73,RS17-212xB73,RS17-6624.2@,UL18A-544@,UNISEM_18B_1604@,RS19-3112,,,,,,,,,
LANDB027C,Mex_23-High,CIMMYTMA-021332,23654,JALI637,CELAYA,20.81666667,-102.6666667,2017,,RS17-212xB73,RS17-212xB73,,UL18A-545@,UNISEM_18B_1605@,RS19-3113,,,,,,,,,
LANDB028A,Mex_23-Low,CIMMYTMA-025845,27181,VERA272,TUXPEN,21.51666667,-98.38333333,42,,RS17-213xB73,RS17-213xB73,RS17-6625.1@,UL18A-546@,UNISEM_18B_1606@,RS19-3114,,,,,,,,,
LANDB028B,Mex_23-Low,CIMMYTMA-025845,27181,VERA272,TUXPEN,21.51666667,-98.38333333,42,,RS17-213xB73,RS17-213xB73,,UL18A-547@,UNISEM_18B_1607@,RS19-3115,,,,,,,,,
LANDB028C,Mex_23-Low,CIMMYTMA-025845,27181,VERA272,TUXPEN,21.51666667,-98.38333333,42,,RS17-213xB73,RS17-213xB73,,UL18A-548@,UNISEM_18B_1608@,RS19-3116,,,,,,,,,
LANDB029A,Mex_24-High,CIMMYTMA-025151,26691,QUER111,,20.175815,-100.139433,2674,,RS17-70xB73,,RS17-6626.1@,UL18A-549@,UNISEM_18B_1609@,RS19-3117,,,,,,,,,
LANDB029B,Mex_24-High,CIMMYTMA-025151,26691,QUER111,,20.175815,-100.139433,2674,,RS17-70xB73,,,UL18A-550@,UNISEM_18B_1610@,RS19-3118,,,,,,,,,
LANDB029C,Mex_24-High,CIMMYTMA-025151,26691,QUER111,,20.175815,-100.139433,2674,,RS17-70xB73,,,UL18A-551@,UNISEM_18B_1611@,,,,,,,,,,
LANDB030A,Mex_24-Low,CIMMYTMA-025289,4091,NAYA312,,20.8,-104.4,800,,RS17-228xB73,RS17-228xB73,RS17-6627.1@,UNISEM_18B_1612@,UNISEM19A_RS-29(RS19-7029)@,,,,,,,,,,
LANDB030B,Mex_24-Low,CIMMYTMA-025289,4091,NAYA312,,20.8,-104.4,800,,RS17-228xB73,RS17-228xB73,RS17-6627.2@,UNISEM_18B_1613@,UNISEM19A_RS-30(RS19-7030)@,,,,,,,,,,
LANDB030C,Mex_24-Low,CIMMYTMA-025289,4091,NAYA312,,20.8,-104.4,800,,RS17-228xB73,RS17-228xB73,RS17-6627.3@,UL18A-554@,UNISEM19A_RS-31(RS19-7031)@,,,,,,,,,,
LANDB031A,Mex_25-High,CIMMYTMA-005613,12006,MICH371,MUSHIT,19.499015,-101.582675,2280,,RS17-200xB73,RS17-200xB73,RS17-6628.1@,UL18A-555@,UNISEM_18B_1615@,RS19-3120,,,,,,,,,
LANDB031B,Mex_25-High,CIMMYTMA-005613,12006,MICH371,MUSHIT,19.499015,-101.582675,2280,,RS17-200xB73,RS17-200xB73,RS17-6628.2@,UNISEM_18B_1616@,,,UNISEM_18B_1616@,,,,,,,,
LANDB031C,Mex_25-High,CIMMYTMA-005613,12006,MICH371,MUSHIT,19.499015,-101.582675,2280,,RS17-200xB73,RS17-200xB73,RS17-6628.3@,UL18A-557@,UNISEM_18B_1617@,RS19-3121,,,,,,,,,
LANDB032A,Mex_25-Low,CIMMYTMA-003229,971,VERA142,TUXPEN,20.32,-96.87,5,,RS17-201xB73,RS17-201xB73,RS17-6629.1@,UL18A-558@,UNISEM_18B_1618@,RS19-3122,,,,,,,,,
LANDB032B,Mex_25-Low,CIMMYTMA-003229,971,VERA142,TUXPEN,20.32,-96.87,5,,RS17-201xB73,RS17-201xB73,RS17-6629.2@,UL18A-559@,UNISEM_18B_1619@,RS19-3123,,,,,,,,,
LANDB032C,Mex_25-Low,CIMMYTMA-003229,971,VERA142,TUXPEN,20.32,-96.87,5,,RS17-201xB73,RS17-201xB73,RS17-6629.3@,UL18A-560@,UNISEM_18B_1620@,RS19-3124,,,,,,,,,
LANDB033A,Mex_26-High,CIMMYTMA-018374,21204,MEXI193,,19.97,-99.52,2418,,RS17-162xB73,,RS17-6630.1@,UNISEM_18B_1621@,UNISEM19A_RS-33(RS19-7033)@,,,,,,,,,,
LANDB033B,Mex_26-High,CIMMYTMA-018374,21204,MEXI193,,19.97,-99.52,2418,,RS17-162xB73,,RS17-6630.2@,UL18A-562@,UNISEM_18B_1622@,RS19-3125,,,,,,,,,
LANDB033C,Mex_26-High,CIMMYTMA-018374,21204,MEXI193,,19.97,-99.52,2418,,RS17-162xB73,,RS17-6630.3@,UNISEM_18B_1623@,UNISEM19A_RS-34(RS19-7034)@,,,,,,,,,,
LANDB034A,Mex_26-Low,CIMMYTMA-002345,9686,VERA118,TUXPEN,19.855393,-96.708139,372,,RS17-163xB73,,RS17-6631.1@,UL18A-564@,UNISEM_18B_1624@,RS19-3126,,,,,,,,,
LANDB034B,Mex_26-Low,CIMMYTMA-002345,9686,VERA118,TUXPEN,19.855393,-96.708139,372,,RS17-163xB73,,RS17-6631.2@,UNISEM_18B_1625@,UNISEM19B-12636,RS20-3369.1@,,,,,,,,,
LANDB034C,Mex_26-Low,CIMMYTMA-002345,9686,VERA118,TUXPEN,19.855393,-96.708139,372,,RS17-163xB73,,RS17-6631.3@,UL18A-566@,UNISEM_18B_1626@,RS19-3127,,,,,,,,,
LANDB035A,Mex_28-High,CIMMYTMA-007937,13760,CHIH140,GORDO,29.65,-108.25,2141,,RS17-75xB73,RS17-189xB73,RS17-6632.1@,UL18A-567@,UNISEM_18B_1627@,RS19-3128,,,,,,,,,
LANDB035B,Mex_28-High,CIMMYTMA-007937,13760,CHIH140,GORDO,29.65,-108.25,2141,,RS17-75xB73,RS17-189xB73,RS17-6632.2@,UL18A-568@,UNISEM_18B_1628@,RS19-3129,,,,,,,,,
LANDB035C,Mex_28-High,CIMMYTMA-007937,13760,CHIH140,GORDO,29.65,-108.25,2141,,RS17-75xB73,RS17-189xB73,RS17-6632.3@,UNISEM_18B_1629@,UNISEM19A_RS-36(RS19-7036)@,,,,,,,,,,
LANDB036A,Mex_28-Low,CIMMYTMA-007294,13240,SONO115,TABPER,28.975149,-109.395459,454,,RS17-188xB73,RS17-188xB73,RS17-6633.1@,UL18A-570@,UNISEM_18B_1630@,RS19-3130,,,,,,,,,
LANDB036B,Mex_28-Low,CIMMYTMA-007294,13240,SONO115,TABPER,28.975149,-109.395459,454,,RS17-188xB73,RS17-188xB73,RS17-6633.2@,UL18A-571@,UNISEM_18B_1631@,RS19-3131,,,,,,,,,
LANDB036C,Mex_28-Low,CIMMYTMA-007294,13240,SONO115,TABPER,28.975149,-109.395459,454,,RS17-188xB73,RS17-188xB73,RS17-6633.3@,UL18A-572@,UNISEM_18B_1632@,RS19-3132,,,,,,,,,
LANDB037A,Mex_29-High,CIMMYTMA-013374,17264,DURA33,CONNOR,24.470342,-104.120767,2030,,RS17-39xB73,,RS17-6634.1@,UNISEM_18B_1633@,,,UNISEM_18B_1633@,,,,,,,,
LANDB037B,Mex_29-High,CIMMYTMA-013374,17264,DURA33,CONNOR,24.470342,-104.120767,2030,,RS17-39xB73,,RS17-6634.2@,UL18A-574@,UNISEM_18B_1634@,RS19-3133,,,,,,,,,
LANDB037C,Mex_29-High,CIMMYTMA-013374,17264,DURA33,CONNOR,24.470342,-104.120767,2030,,RS17-39xB73,,RS17-6634.3@,UNISEM_18B_1635@,UNISEM19A_RS-38(RS19-7038)@,,,,,,,,,,
LANDB038A,Mex_29-Low,CIMMYTMA-000861,8640,SINA2,CHAPAL,24.824405,-107.460246,46,,RS17-181xB73,RS17-181xB73,RS17-6635.1@,UNISEM_18B_1636@,UNISEM19A_RS-39(RS19-7039)@,,,,,,,,,,
LANDB038B,Mex_29-Low,CIMMYTMA-000861,8640,SINA2,CHAPAL,24.824405,-107.460246,46,,RS17-181xB73,RS17-181xB73,UL18A-577@,UNISEM_18B_1637@,UNISEM19B-12638,RS20-3370.1@,,,,,,,,,
LANDB038C,Mex_29-Low,CIMMYTMA-000861,8640,SINA2,CHAPAL,24.824405,-107.460246,46,,RS17-181xB73,RS17-181xB73,UL18A-578@,UNISEM_18B_1638@,UNISEM19A_RS-41(RS19-7041)@,,,,,,,,,,
LANDB039A,Mex_3-High,CIMMYTMA-001398,NA,MEX 48,CHALQUENO,19.68333333,-99.13333333,2256,,RS17-220xB73,RS17-220xB73,RS17-6636.1@,UNISEM_18B_1639@,UNISEM19B-12639,RS20-3371.1@,,,,,,,,,
LANDB039B,Mex_3-High,CIMMYTMA-001398,NA,MEX 48,CHALQUENO,19.68333333,-99.13333333,2256,,RS17-220xB73,RS17-220xB73,RS17-6636.2@,UNISEM_18B_1640@,UNISEM19B-12640,RS20-3372.1@,,,,,,,,,
LANDB039C,Mex_3-High,CIMMYTMA-001398,NA,MEX 48,CHALQUENO,19.68333333,-99.13333333,2256,,RS17-220xB73,RS17-220xB73,UL18A-581@,UNISEM_18B_1641@,UNISEM19A_RS-44(RS19-7044)@,,,,,,,,,,
LANDB041A,Mex_30-High,CIMMYTMA-000554,240,GUAN4,CELAYA,21.01666667,-101.25,2064,,RS17-186xB73,RS17-186xB73,RS17-6638.1@,UL18A-582@,UNISEM_18B_1642@,RS19-3134,,,,,,,,,
LANDB041B,Mex_30-High,CIMMYTMA-000554,240,GUAN4,CELAYA,21.01666667,-101.25,2064,,RS17-186xB73,RS17-186xB73,RS17-6638.2@,UL18A-583@,UNISEM_18B_1643@,RS19-3135,,,,,,,,,
LANDB041C,Mex_30-High,CIMMYTMA-000554,240,GUAN4,CELAYA,21.01666667,-101.25,2064,,RS17-186xB73,RS17-186xB73,UL18A-584@,UNISEM_18B_1644@,UNISEM19A_RS-45(RS19-7045)@,,,,,,,,,,
LANDB042A,Mex_30-Low,CIMMYTMA-000547,238,QUER50,TUXPEN,21.445085,-99.632358,562,,RS17-187xB73,RS17-187xB73,RS17-6639.1@,UL18A-585@,UNISEM_18B_1645@,RS19-3136,,,,,,,,,
LANDB042B,Mex_30-Low,CIMMYTMA-000547,238,QUER50,TUXPEN,21.445085,-99.632358,562,,RS17-187xB73,RS17-187xB73,RS17-6639.2@,UL18A-586@,UNISEM_18B_1646@,RS19-3137,,,,,,,,,
LANDB042C,Mex_30-Low,CIMMYTMA-000547,238,QUER50,TUXPEN,21.445085,-99.632358,562,,RS17-187xB73,RS17-187xB73,RS17-6639.3@,UL18A-587@,UNISEM_18B_1647@,RS19-3138,,,,,,,,,
LANDB043A,Mex_31-High,#N/A,#N/A,#N/A,#N/A,#N/A,#N/A,#N/A,,RS17-172xB73,,RS17-6640.1@,UL18A-588@,UNISEM_18B_1648@,RS19-3139,,,,,,,,,
LANDB043B,Mex_31-High,#N/A,#N/A,#N/A,#N/A,#N/A,#N/A,#N/A,,RS17-172xB73,,RS17-6640.2@,UL18A-589@,UNISEM_18B_1649@,RS19-3140,,,,,,,,,
LANDB043C,Mex_31-High,#N/A,#N/A,#N/A,#N/A,#N/A,#N/A,#N/A,,RS17-172xB73,,UL18A-590@,UNISEM_18B_1650@,UNISEM19A_RS-46(RS19-7046)@,,,,,,,,,,
LANDB044A,Mex_31-Low,#N/A,#N/A,#N/A,#N/A,#N/A,#N/A,#N/A,,RS17-173xB73,RS17-173xB73,RS17-6641.1@,UL18A-591@,UNISEM_18B_1651@,,,,,,,,,,
LANDB044B,Mex_31-Low,#N/A,#N/A,#N/A,#N/A,#N/A,#N/A,#N/A,,RS17-173xB73,RS17-173xB73,RS17-6641.2@,UNISEM_18B_1652@,UNISEM19A_RS-47(RS19-7047)@,,,,,,,,,,
LANDB044C,Mex_31-Low,#N/A,#N/A,#N/A,#N/A,#N/A,#N/A,#N/A,,RS17-173xB73,RS17-173xB73,UL18A-593@,UNISEM_18B_1653@,UNISEM19A_RS-48(RS19-7048)@,,,,,,,,,,
LANDB045A,Mex_4-High,CIMMYTMA-008102,13889,VERA311,PALOME,19.71,-97.24,2220,,RS17-157xB73,RS17-157xB73,RS17-6642.1@,UL18A-594@,UNISEM_18B_1654@,RS19-3142,,,,,,,,,
LANDB045B,Mex_4-High,CIMMYTMA-008102,13889,VERA311,PALOME,19.71,-97.24,2220,,RS17-157xB73,RS17-157xB73,RS17-6642.2@,UL18A-595@,UNISEM_18B_1655@,RS19-3143,,,,,,,,,
LANDB045C,Mex_4-High,CIMMYTMA-008102,13889,VERA311,PALOME,19.71,-97.24,2220,,RS17-157xB73,RS17-157xB73,,UL18A-596@,UNISEM_18B_1656@,RS19-3144,,,,,,,,,
LANDB046A,Mex_4-Low,CIMMYTMA-007015,2011,JALI276,TUXPEN,20.31666667,-105.3333333,655,,RS17-156xB73,RS17-156xB73,RS17-6643.1@,UNISEM_18B_1657@,UNISEM19A_RS-49(RS19-7049)@,,,,,,,,,,
LANDB046B,Mex_4-Low,CIMMYTMA-007015,2011,JALI276,TUXPEN,20.31666667,-105.3333333,655,,RS17-156xB73,RS17-156xB73,RS17-6643.2@,UL18A-598@,UNISEM_18B_1658@,RS19-3145,,,,,,,,,
LANDB046C,Mex_4-Low,CIMMYTMA-007015,2011,JALI276,TUXPEN,20.31666667,-105.3333333,655,,RS17-156xB73,RS17-156xB73,RS17-6643.3@,UL18A-599@,UNISEM_18B_1659@,RS19-3146,,,,,,,,,
LANDB047A,Mex_5-High,CIMMYTMA-014017,17842,SNLP176,,23.13333333,-101.1166667,2043,,RS17-44xB73,,UL18A-600@,UNISEM_18B_1660@,UNISEM19A_RS-50(RS19-7050)@,,,,,,,,,,
LANDB047B,Mex_5-High,CIMMYTMA-014017,17842,SNLP176,,23.13333333,-101.1166667,2043,,RS17-44xB73,,UL18A-601@,UNISEM_18B_1661@,,,UNISEM_18B_1661@,,,,,,,,
LANDB047C,Mex_5-High,CIMMYTMA-014017,17842,SNLP176,,23.13333333,-101.1166667,2043,,RS17-44xB73,,UL18A-602@,UNISEM_18B_1662@,UNISEM19A_RS-52(RS19-7052)@,,,,,,,,,,
LANDB048A,Mex_5-Low,CIMMYTMA-018888,21607,NAYA70,TABLON,22.417143,-105.46224,11,,RS17-216xB73,RS17-216xB73,RS17-6645.1@,UNISEM_18B_1663@,UNISEM19A_RS-53(RS19-7053)@,,,,,,,,,,
LANDB048B,Mex_5-Low,CIMMYTMA-018888,21607,NAYA70,TABLON,22.417143,-105.46224,11,,RS17-216xB73,RS17-216xB73,RS17-6645.2@,UL18A-604@,UNISEM_18B_1664@,RS19-3147,,,,,,,,,
LANDB048C,Mex_5-Low,CIMMYTMA-018888,21607,NAYA70,TABLON,22.417143,-105.46224,11,,RS17-216xB73,RS17-216xB73,RS17-6645.3@,UL18A-605@,UNISEM_18B_1665@,RS19-3148,,,,,,,,,
LANDB049A,Mex_6-High,CIMMYTMA-020218,22659,OAXA724,BOLITA,16.9,-96.26666667,2164,,RS17-82xB73,,RS17-6646.1@,UL18A-606@,UNISEM_18B_1666@,RS19-3149,,,,,,,,,
LANDB049B,Mex_6-High,CIMMYTMA-020218,22659,OAXA724,BOLITA,16.9,-96.26666667,2164,,RS17-82xB73,,RS17-6646.2@,UL18A-607@,UNISEM_18B_1667@,,,,,,,,,,
LANDB049C,Mex_6-High,CIMMYTMA-020218,22659,OAXA724,BOLITA,16.9,-96.26666667,2164,,RS17-82xB73,,RS17-6646.3@,UL18A-608@,UNISEM_18B_1668@,RS19-3151,,,,,,,,,
LANDB050A,Mex_6-Low,CIMMYTMA-016261,19812,GUER127,,17.560971,-101.262247,52,,RS17-151xB73,RS17-151xB73,UL18A-609@,UNISEM_18B_1669@,UNISEM19A_RS-54(RS19-7054)@,,,,,,,,,,
LANDB050B,Mex_6-Low,CIMMYTMA-016261,19812,GUER127,,17.560971,-101.262247,52,,RS17-151xB73,RS17-151xB73,UL18A-610@,UNISEM_18B_1670@,UNISEM19A_RS-55(RS19-7055)@,,,,,,,,,,
LANDB050C,Mex_6-Low,CIMMYTMA-016261,19812,GUER127,,17.560971,-101.262247,52,,RS17-151xB73,RS17-151xB73,UL18A-611@,UNISEM_18B_1671@,UNISEM19A_RS-56(RS19-7056)@,,,,,,,,,,
LANDB051A,Mex_7-High,CIMMYTMA-026945,28182,TLAX525,,19.31666667,-97.91666667,2492,,RS17-176xB73,RS17-176xB73,RS17-6648.1@,UL18A-612@,UNISEM_18B_1672@,RS19-3152,,,,,,,,,
LANDB051B,Mex_7-High,CIMMYTMA-026945,28182,TLAX525,,19.31666667,-97.91666667,2492,,RS17-176xB73,RS17-176xB73,RS17-6648.2@,UL18A-613@,UNISEM_18B_1673@,,,,,,,,,,
LANDB051C,Mex_7-High,CIMMYTMA-026945,28182,TLAX525,,19.31666667,-97.91666667,2492,,RS17-176xB73,RS17-176xB73,RS17-6648.3@,UNISEM_18B_1674@,UNISEM19A_RS-57(RS19-7057)@,,,,,,,,,,
LANDB052A,Mex_7-Low,CIMMYTMA-000686,8511,VERA126,TUXPEN,18.589859,-95.436809,30,,RS17-177xB73,,RS17-6649.1@,UL18A-615@,UNISEM19A_RS-58(RS19-7058)@,,,,,,,,,,
LANDB052B,Mex_7-Low,CIMMYTMA-000686,8511,VERA126,TUXPEN,18.589859,-95.436809,30,,RS17-177xB73,,RS17-6649.2@,UL18A-616@,UNISEM_18B_1676@,RS19-3154,,,,,,,,,
LANDB052C,Mex_7-Low,CIMMYTMA-000686,8511,VERA126,TUXPEN,18.589859,-95.436809,30,,RS17-177xB73,,UNISEM_18B_1677@,UNISEM19A_RS-59(RS19-7059)@,UNISEM19B-12642,RS20-3373.1@,,,,,,,,,
LANDB053A,Mex_8-High,CIMMYTMA-007584,13478,PUEB384,CONICO,19.28333333,-98.43333333,2261,,RS17-120xB73,RS17-253xB73,RS17-6650.1@,UNISEM_18B_1678@,UNISEM19A_RS-60(RS19-7060)@,,,,,,,,,,
LANDB053B,Mex_8-High,CIMMYTMA-007584,13478,PUEB384,CONICO,19.28333333,-98.43333333,2261,,RS17-120xB73,RS17-253xB73,RS17-6650.2@,UL18A-619@,UNISEM_18B_1679@,RS19-3155,,,,,,,,,
LANDB053C,Mex_8-High,CIMMYTMA-007584,13478,PUEB384,CONICO,19.28333333,-98.43333333,2261,,RS17-120xB73,RS17-253xB73,RS17-6650.3@,UL18A-620@,UNISEM_18B_1680@,RS19-3156,,,,,,,,,
LANDB054A,Mex_8-Low,CIMMYTMA-023180,25272,COLI26,,19.33205,-103.731987,720,,RS17-252xB73,RS17-252xB73,RS17-6651.1@,UL18A-621@,UNISEM_18B_1681@,,,,,,,,,,
LANDB054B,Mex_8-Low,CIMMYTMA-023180,25272,COLI26,,19.33205,-103.731987,720,,RS17-252xB73,RS17-252xB73,UL18A-622@,UNISEM_18B_1682@,UNISEM19A_RS-61(RS19-7061)@,,,,,,,,,,
LANDB054C,Mex_8-Low,CIMMYTMA-023180,25272,COLI26,,19.33205,-103.731987,720,,RS17-252xB73,RS17-252xB73,UL18A-623@,UNISEM_18B_1683@,UNISEM19B-12643,RS20-3374.1@,,,,,,,,,
LANDB056A,Mex_9-Low,CIMMYTMA-020752,23134,HIDA184,CONICO,21.062344,-98.870068,436,,RS17-144xB73,,RS17-6653.1@,UL18A-624@,,,UL18A-624@,,,,,,,,
LANDB056B,Mex_9-Low,CIMMYTMA-020752,23134,HIDA184,CONICO,21.062344,-98.870068,436,,RS17-144xB73,,RS17-6653.2@,UNISEM_18B_1685@,UNISEM19B-12645,,,,,,,,,,
LANDB056C,Mex_9-Low,CIMMYTMA-020752,23134,HIDA184,CONICO,21.062344,-98.870068,436,,RS17-144xB73,,RS17-6653.3@,UNISEM_18B_1686@,UNISEM19B-12646,RS20-3376.1@,,,,,,,,,
LANDB057A,SA_1-High,CIMMYTMA-015032,18735,BOZM0881,,-17.55,-65.83333333,2725,,RS17-193xB73,RS17-193xB73,RS17-6654.1@,UNISEM_18B_1687@,,,UNISEM_18B_1687@,,,,,,,,
LANDB057B,SA_1-High,CIMMYTMA-015032,18735,BOZM0881,,-17.55,-65.83333333,2725,,RS17-193xB73,RS17-193xB73,RS17-6654.2@,UL18A-628@,UNISEM_18B_1688@,RS19-3158,,,,,,,,,
LANDB057C,SA_1-High,CIMMYTMA-015032,18735,BOZM0881,,-17.55,-65.83333333,2725,,RS17-193xB73,RS17-193xB73,RS17-6654.3@,UL18A-629@,UNISEM_18B_1689@,RS19-3159,,,,,,,,,
LANDB058A,SA_1-Low,CIMMYTMA-016874,20341,BOLI434,,-17.898168,-63.308388,516,,RS17-192xB73,RS17-192xB73,RS17-6655.1@,UL18A-630@,UNISEM_18B_1690@,RS19-3160,,,,,,,,,
LANDB058B,SA_1-Low,CIMMYTMA-016874,20341,BOLI434,,-17.898168,-63.308388,516,,RS17-192xB73,RS17-192xB73,RS17-6655.2@,UL18A-631@,UNISEM_18B_1691@,RS19-3161,,,,,,,,,
LANDB058C,SA_1-Low,CIMMYTMA-016874,20341,BOLI434,,-17.898168,-63.308388,516,,RS17-192xB73,RS17-192xB73,RS17-6655.3@,UL18A-632@,UNISEM_18B_1692@,RS19-3162,,,,,,,,,
LANDB059A,SA_14-High,CIMMYTMA-018202,21067,PERU923,,-8.563063,-77.77292,3412,,RS17-190xB73,RS17-190xB73,RS17-6656.1@,UNISEM_18B_1693@,UNISEM19A_RS-67(RS19-7067)@,,,,,,,,,,
LANDB059B,SA_14-High,CIMMYTMA-018202,21067,PERU923,,-8.563063,-77.77292,3412,,RS17-190xB73,RS17-190xB73,RS17-6656.2@,UNISEM_18B_1694@,UNISEM19A_RS-68(RS19-7068)@,,,,,,,,,,
LANDB059C,SA_14-High,CIMMYTMA-018202,21067,PERU923,,-8.563063,-77.77292,3412,,RS17-190xB73,RS17-190xB73,RS17-6656.3@,UNISEM_18B_1695@,,,UNISEM_18B_1695@,,,,,,,,
LANDB060A,SA_14-Low,CIMMYTMA-014578,18320,SNMART111,,-8.444628,-76.471549,580,,RS17-191xB73,RS17-191xB73,RS17-6657.1@,UL18A-636@,UNISEM_18B_1696@,RS19-3163,,,,,,,,,
LANDB060B,SA_14-Low,CIMMYTMA-014578,18320,SNMART111,,-8.444628,-76.471549,580,,RS17-191xB73,RS17-191xB73,RS17-6657.2@,UL18A-637@,UNISEM_18B_1697@,RS19-3164,,,,,,,,,
LANDB060C,SA_14-Low,CIMMYTMA-014578,18320,SNMART111,,-8.444628,-76.471549,580,,RS17-191xB73,RS17-191xB73,RS17-6657.3@,UL18A-638@,UNISEM_18B_1698@,RS19-3165,,,,,,,,,
LANDB061A,SA_15-High,CIMMYTMA-024949,26531,TAC.41,,-17.450516,-70.051311,3206,,RS17-204xB73,,RS17-6658.1@,UNISEM_18B_1699@,UNISEM19A_RS-70(RS19-7070)@,,,,,,,,,,
LANDB061B,SA_15-High,CIMMYTMA-024949,26531,TAC.41,,-17.450516,-70.051311,3206,,RS17-204xB73,,UNISEM_18B_1700@,,UNISEM19B-12649,RS20-3377.1@,,,,,,,,,
LANDB061C,SA_15-High,CIMMYTMA-024949,26531,TAC.41,,-17.450516,-70.051311,3206,,RS17-204xB73,,UNISEM_18B_1701@,,,,,,,,,,,,
LANDB062A,SA_15-Low,CIMMYTMA-011857,16644,BOLI809,,-18.345503,-59.590785,613,,RS17-205xB73,RS17-205xB73,RS17-6659.1@,UL18A-642@,UNISEM_18B_1702@,RS19-3167,,,,,,,,,
LANDB062B,SA_15-Low,CIMMYTMA-011857,16644,BOLI809,,-18.345503,-59.590785,613,,RS17-205xB73,RS17-205xB73,RS17-6659.2@,UL18A-643@,UNISEM_18B_1703@,RS19-3168,,,,,,,,,
LANDB062C,SA_15-Low,CIMMYTMA-011857,16644,BOLI809,,-18.345503,-59.590785,613,,RS17-205xB73,RS17-205xB73,RS17-6659.3@,UL18A-644@,UNISEM_18B_1704@,,,,,,,,,,
LANDB063A,SA_16-High,CIMMYTMA-015009,18712,BOZM0748,AYZUMA,-18.18333333,-65.08333333,2520,,RS17-259xB73,RS17-259xB73,RS17-6660.1@,UNISEM_18B_1705@,UNISEM19A_RS-73(RS19-7073)@,,,,,,,,,,
LANDB063B,SA_16-High,CIMMYTMA-015009,18712,BOZM0748,AYZUMA,-18.18333333,-65.08333333,2520,,RS17-259xB73,RS17-259xB73,RS17-6660.2@,UL18A-646@,UNISEM_18B_1706@,RS19-3169,,,,,,,,,
LANDB063C,SA_16-High,CIMMYTMA-015009,18712,BOZM0748,AYZUMA,-18.18333333,-65.08333333,2520,,RS17-259xB73,RS17-259xB73,RS17-6660.3@,UNISEM_18B_1707@,UNISEM19A_RS-74(RS19-7074)@,,,,,,,,,,
LANDB064A,SA_16-Low,CIMMYTMA-011854,16641,BOLI802,POJOSO,-18.965107,-57.827936,120,,RS17-258xB73,,RS17-6661.1@,UL18A-648@,UNISEM_18B_1708@,RS19-3170,,,,,,,,,
LANDB064B,SA_16-Low,CIMMYTMA-011854,16641,BOLI802,POJOSO,-18.965107,-57.827936,120,,RS17-258xB73,,RS17-6661.2@,UL18A-649@,UNISEM_18B_1709@,RS19-3171,,,,,,,,,
LANDB064C,SA_16-Low,CIMMYTMA-011854,16641,BOLI802,POJOSO,-18.965107,-57.827936,120,,RS17-258xB73,,UL18A-650@,UNISEM_18B_1710@,,,UNISEM_18B_1710@,,,,,,,,
LANDB065A,SA_17-High,CIMMYTMA-008025,13831,ARGE521,,-23.2,-65.35,2973,,RS17-207xB73,RS17-207xB73,RS17-6662.1@,UL18A-651@,UNISEM_18B_1711@,RS19-3172,,,,,,,,,
LANDB065B,SA_17-High,CIMMYTMA-008025,13831,ARGE521,,-23.2,-65.35,2973,,RS17-207xB73,RS17-207xB73,RS17-6662.2@,UL18A-652@,UNISEM_18B_1712@,,,,,,,,,,
LANDB065C,SA_17-High,CIMMYTMA-008025,13831,ARGE521,,-23.2,-65.35,2973,,RS17-207xB73,RS17-207xB73,RS17-6662.3@,UNISEM_18B_1713@,UNISEM19A_RS-76(RS19-7076)@,,,,,,,,,,
LANDB066A,SA_17-Low,CIMMYTMA-014287,18057,BOZM0258,CUBAAM,-22.537684,-64.40514,559,,RS17-206xB73,,RS17-6663.1@,UL18A-654@,UNISEM_18B_1714@,RS19-3174,,,,,,,,,
LANDB066B,SA_17-Low,CIMMYTMA-014287,18057,BOZM0258,CUBAAM,-22.537684,-64.40514,559,,RS17-206xB73,,RS17-6663.2@,UL18A-655@,UNISEM_18B_1715@,RS19-3175,,,,,,,,,
LANDB066C,SA_17-Low,CIMMYTMA-014287,18057,BOZM0258,CUBAAM,-22.537684,-64.40514,559,,RS17-206xB73,,UL18A-656@,UNISEM_18B_1716@,UNISEM19A_RS-77(RS19-7077)@,,,,,,,,,,
LANDB067A,SA_19-High,CIMMYTMA-014359,18124,BOZM0697,AYZUMA,-21.36666667,-65.23333333,2900,,RS17-169xB73,RS17-169xB73,RS17-6664.1@,UL18A-657@,UNISEM_18B_1717@,RS19-3176,,,,,,,,,
LANDB067B,SA_19-High,CIMMYTMA-014359,18124,BOZM0697,AYZUMA,-21.36666667,-65.23333333,2900,,RS17-169xB73,RS17-169xB73,RS17-6664.2@,UL18A-658@,UNISEM_18B_1718@,RS19-3177,,,,,,,,,
LANDB067C,SA_19-High,CIMMYTMA-014359,18124,BOZM0697,AYZUMA,-21.36666667,-65.23333333,2900,,RS17-169xB73,RS17-169xB73,,UNISEM_18B_1719@,UNISEM19A_RS-78(RS19-7078)@,,,,,,,,,,
LANDB068A,SA_19-Low,CIMMYTMA-014283,18054,BOZM0244,CUBAAM,-21.91666667,-63.66666667,640,,RS17-103xB73,,RS17-6665.1@,UL18A-660@,UNISEM_18B_1720@,RS19-3178,,,,,,,,,
LANDB068B,SA_19-Low,CIMMYTMA-014283,18054,BOZM0244,CUBAAM,-21.91666667,-63.66666667,640,,RS17-103xB73,,RS17-6665.2@,UL18A-661@,UNISEM_18B_1721@,RS19-3179,,,,,,,,,
LANDB068C,SA_19-Low,CIMMYTMA-014283,18054,BOZM0244,CUBAAM,-21.91666667,-63.66666667,640,,RS17-103xB73,,UL18A-662@,UNISEM_18B_1722@,UNISEM19A_RS-79(RS19-7079)@,,,,,,,,,,
LANDB069A,SA_2-High,CIMMYTMA-012291,16807,HVCA.15,,-12.634544,-74.86529,3263,,RS17-248xB73,RS17-248xB73,RS17-6666.1@,UL18A-663@,UNISEM_18B_1723@,RS19-3180,,,,,,,,,
LANDB069B,SA_2-High,CIMMYTMA-012291,16807,HVCA.15,,-12.634544,-74.86529,3263,,RS17-248xB73,RS17-248xB73,RS17-6666.2@,UNISEM_18B_1724@,,,UNISEM_18B_1724@,,,,,,,,
LANDB069C,SA_2-High,CIMMYTMA-012291,16807,HVCA.15,,-12.634544,-74.86529,3263,,RS17-248xB73,RS17-248xB73,RS17-6666.3@,UL18A-665@,UNISEM_18B_1725@,RS19-3181,,,,,,,,,
LANDB070A,SA_2-Low,CIMMYTMA-009022,14712,PERU1101,PIRICI,-12.623998,-73.094775,751,,RS17-106xB73,RS17-249xB73,RS17-6667.1@,UL18A-666@,UNISEM_18B_1726@,RS19-3182,,,,,,,,,
LANDB070B,SA_2-Low,CIMMYTMA-009022,14712,PERU1101,PIRICI,-12.623998,-73.094775,751,,RS17-106xB73,RS17-249xB73,RS17-6667.2@,UL18A-667@,UNISEM_18B_1727@,RS19-3183,,,,,,,,,
LANDB070C,SA_2-Low,CIMMYTMA-009022,14712,PERU1101,PIRICI,-12.623998,-73.094775,751,,RS17-106xB73,RS17-249xB73,RS17-6667.3@,UL18A-668@,UNISEM_18B_1728@,RS19-3184,,,,,,,,,
LANDB071A,SA_20-High,CIMMYTMA-024894,26476,CAJ.138,,-6.55,-78.65,2391,,RS17-182xB73,RS17-182xB73,RS17-6668.1@,UL18A-669@,UNISEM_18B_1729@,RS19-3185,,,,,,,,,
LANDB071B,SA_20-High,CIMMYTMA-024894,26476,CAJ.138,,-6.55,-78.65,2391,,RS17-182xB73,RS17-182xB73,RS17-6668.2@,UL18A-670@,UNISEM_18B_1730@,RS19-3186,,,,,,,,,
LANDB071C,SA_20-High,CIMMYTMA-024894,26476,CAJ.138,,-6.55,-78.65,2391,,RS17-182xB73,RS17-182xB73,RS17-6668.3@,UL18A-671@,UNISEM_18B_1731@,RS19-3187,,,,,,,,,
LANDB073A,SA_21-High,CIMMYTMA-024925,26507,JUN.160,SNJERO,-11.904015,-75.321984,3315,,RS17-214xB73,RS17-214xB73,RS17-6669.1@,UL18A-672@,UNISEM_18B_1732@,,,,,,,,,,
LANDB073B,SA_21-High,CIMMYTMA-024925,26507,JUN.160,SNJERO,-11.904015,-75.321984,3315,,RS17-214xB73,RS17-214xB73,RS17-6669.2@,UNISEM_18B_1733@,UNISEM19A_RS-81(RS19-7081)@,,,,,,,,,,
LANDB073C,SA_21-High,CIMMYTMA-024925,26507,JUN.160,SNJERO,-11.904015,-75.321984,3315,,RS17-214xB73,RS17-214xB73,RS17-6669.3@,UNISEM19A_RS-82(RS19-7082)@,UNISEM19B-12652,RS20-3378.1@,,,,,,,,,
LANDB074A,SA_21-Low,CIMMYTMA-009025,14715,PERU1124,ENANO,-12,-70.25,234,,RS17-77xB73,,RS17-6670.1@,UL18A-675@,UNISEM_18B_1735@,RS19-3189,,,,,,,,,
LANDB074B,SA_21-Low,CIMMYTMA-009025,14715,PERU1124,ENANO,-12,-70.25,234,,RS17-77xB73,,RS17-6670.2@,UL18A-676@,UNISEM_18B_1736@,RS19-3190,,,,,,,,,
LANDB074C,SA_21-Low,CIMMYTMA-009025,14715,PERU1124,ENANO,-12,-70.25,234,,RS17-77xB73,,RS17-6670.3@,UL18A-677@,UNISEM_18B_1737@,RS19-3191,,,,,,,,,
LANDB076A,SA_22-Low,CIMMYTMA-026034,27347,PAS.18,,-10.33333333,-74.9,252,,RS17-165xB73,,RS17-6671.1@,UL18A-678@,UNISEM_18B_1738@,,,,,,,,,,
LANDB076B,SA_22-Low,CIMMYTMA-026034,27347,PAS.18,,-10.33333333,-74.9,252,,RS17-165xB73,,RS17-6671.2@,UL18A-679@,UNISEM_18B_1739@,,,,,,,,,,
LANDB076C,SA_22-Low,CIMMYTMA-026034,27347,PAS.18,,-10.33333333,-74.9,252,,RS17-165xB73,,,,,,,,,,,,,,
LANDB077A,SA_23-High,CIMMYTMA-022843,24978,BOYA371,SABANE,5.399671,-73.101212,2150,,RS17-140xB73,,RS17-6672.1@,,,RS20-3379.1@,,,,,,,,,
LANDB077B,SA_23-High,CIMMYTMA-022843,24978,BOYA371,SABANE,5.399671,-73.101212,2150,,RS17-140xB73,,RS17-6672.2@,UNISEM_18B_1742@,UNISEM19A_RS-84(RS19-7084)@,,,,,,,,,,
LANDB077C,SA_23-High,CIMMYTMA-022843,24978,BOYA371,SABANE,5.399671,-73.101212,2150,,RS17-140xB73,,UL18A-683@,UNISEM_18B_1743@,UNISEM19B-12654,RS20-3380.1@,,,,,,,,,
LANDB078A,SA_23-Low,CIMMYTMA-019738,22297,CALD369,,5.32,-74.92,840,,RS17-141xB73,RS17-260xB73,RS17-6673.1@,UL18A-684@,UNISEM_18B_1744@,RS19-3194,,,,,,,,,
LANDB078B,SA_23-Low,CIMMYTMA-019738,22297,CALD369,,5.32,-74.92,840,,RS17-141xB73,RS17-260xB73,RS17-6673.2@,UL18A-685@,UNISEM_18B_1745@,RS19-3195,,,,,,,,,
LANDB078C,SA_23-Low,CIMMYTMA-019738,22297,CALD369,,5.32,-74.92,840,,RS17-141xB73,RS17-260xB73,RS17-6673.3@,UL18A-686@,UNISEM_18B_1746@,RS19-3196,,,,,,,,,
LANDB080A,SA_24-Low,CIMMYTMA-008993,14686,PERU637,COLORA,-8.597077,-78.732381,14,,RS17-40xB73,,RS17-6674.1@,UNISEM_18B_1747@,UNISEM19B-12655,RS20-3381.1@,,,,,,,,,
LANDB080B,SA_24-Low,CIMMYTMA-008993,14686,PERU637,COLORA,-8.597077,-78.732381,14,,RS17-40xB73,,RS17-6674.2@,UL18A-688@,UNISEM_18B_1748@,RS19-3197,,,,,,,,,
LANDB080C,SA_24-Low,CIMMYTMA-008993,14686,PERU637,COLORA,-8.597077,-78.732381,14,,RS17-40xB73,,RS17-6674.3@,UL18A-689@,UNISEM_18B_1749@,,,,,,,,,,
LANDB081A,SA_25-High,CIMMYTMA-024848,26430,BOZM1458,KELLU,-20.816261,-66.215533,3937,,RS17-195xB73,,RS17-6675.1@,UL18A-690@,UNISEM_18B_1750@,,,,,,,,,,
LANDB081B,SA_25-High,CIMMYTMA-024848,26430,BOZM1458,KELLU,-20.816261,-66.215533,3937,,RS17-195xB73,,RS17-6675.2@,UL18A-691@,UNISEM_18B_1751@,,,,,,,,,,
LANDB081C,SA_25-High,CIMMYTMA-024848,26430,BOZM1458,KELLU,-20.816261,-66.215533,3937,,RS17-195xB73,,RS17-6675.3@,UL18A-692@,UNISEM_18B_1752@,RS19-3201,,,,,,,,,
LANDB082A,SA_25-Low,CIMMYTMA-014383,2860,BOZM1348,CUBAAM,-20.680467,-63.292271,755,,RS17-194xB73,RS17-194xB73,RS17-6676.1@,UL18A-693@,UNISEM_18B_1753@,RS19-3202,,,,,,,,,
LANDB082B,SA_25-Low,CIMMYTMA-014383,2860,BOZM1348,CUBAAM,-20.680467,-63.292271,755,,RS17-194xB73,RS17-194xB73,RS17-6676.2@,UNISEM_18B_1754@,UNISEM19B-12656,RS20-3382.1@,,,,,,,,,
LANDB082C,SA_25-Low,CIMMYTMA-014383,2860,BOZM1348,CUBAAM,-20.680467,-63.292271,755,,RS17-194xB73,RS17-194xB73,RS17-6676.3@,UNISEM_18B_1755@,UNISEM19A_RS-88(RS19-7088)@,,,,,,,,,,
LANDB083A,SA_26-High,CIMMYTMA-021797,24040,ECUA8833,MISHCA,-0.148041,-78.457937,2890,,RS17-50xB73,RS17-152xB73,RS17-6677.1@,UNISEM_18B_1756@,UNISEM19B-12657,RS20-3383.1@,,,,,,,,,
LANDB083B,SA_26-High,CIMMYTMA-021797,24040,ECUA8833,MISHCA,-0.148041,-78.457937,2890,,RS17-50xB73,RS17-152xB73,RS17-6677.2@,UL18A-697@,UNISEM_18B_1757@,,,,,,,,,,
LANDB083C,SA_26-High,CIMMYTMA-021797,24040,ECUA8833,MISHCA,-0.148041,-78.457937,2890,,RS17-50xB73,RS17-152xB73,RS17-6677.3@,UL18A-698@,UNISEM_18B_1758@,RS19-3204,,,,,,,,,
LANDB084A,SA_26-Low,CIMMYTMA-017379,20678,ECUA652,,-1.066298,-80.44021,36,,RS17-51xB73,RS17-153xB73,RS17-6678.1@,UL18A-699@,UNISEM_18B_1759@,,,,,,,,,,
LANDB084B,SA_26-Low,CIMMYTMA-017379,20678,ECUA652,,-1.066298,-80.44021,36,,RS17-51xB73,RS17-153xB73,RS17-6678.2@,UL18A-700@,UNISEM_18B_1760@,,,,,,,,,,
LANDB084C,SA_26-Low,CIMMYTMA-017379,20678,ECUA652,,-1.066298,-80.44021,36,,RS17-51xB73,RS17-153xB73,RS17-6678.3@,UL18A-701@,UNISEM_18B_1761@,,,,,,,,,,
LANDB085A,SA_27-High,CIMMYTMA-024902,26484,CUZ.290,,-13.950973,-71.744682,3061,,RS17-246xB73,RS17-246xB73,RS17-6679.1@,UL18A-702@,UNISEM_18B_1762@,,,,,,,,,,
LANDB085B,SA_27-High,CIMMYTMA-024902,26484,CUZ.290,,-13.950973,-71.744682,3061,,RS17-246xB73,RS17-246xB73,RS17-6679.2@,UL18A-703@,UNISEM_18B_1763@,,,,,,,,,,
LANDB085C,SA_27-High,CIMMYTMA-024902,26484,CUZ.290,,-13.950973,-71.744682,3061,,RS17-246xB73,RS17-246xB73,UL18A-704@,UNISEM_18B_1764@,UNISEM19A_RS-90(RS19-7090)@,,,,,,,,,,
LANDB086A,SA_27-Low,CIMMYTMA-016818,20288,ICA42,,-14.660126,-75.219284,236,,RS17-247xB73,RS17-247xB73,RS17-6680.1@,UL18A-705@,UNISEM_18B_1765@,,,,,,,,,,
LANDB086B,SA_27-Low,CIMMYTMA-016818,20288,ICA42,,-14.660126,-75.219284,236,,RS17-247xB73,RS17-247xB73,UL18A-706@,UNISEM_18B_1766@,UNISEM19B-12658,,,,,,,,,,
LANDB086C,SA_27-Low,CIMMYTMA-016818,20288,ICA42,,-14.660126,-75.219284,236,,RS17-247xB73,RS17-247xB73,UL18A-707@,UNISEM_18B_1767@,UNISEM19A_RS-92(RS19-7092)@,,,,,,,,,,
LANDB087A,SA_28-High,CIMMYTMA-012440,16832,PIUR106,,-4.635925,-79.710107,2641,,RS17-179xB73,RS17-179xB73,RS17-6681.1@,UL18A-708@,UNISEM_18B_1768@,,,,,,,,,,
LANDB087B,SA_28-High,CIMMYTMA-012440,16832,PIUR106,,-4.635925,-79.710107,2641,,RS17-179xB73,RS17-179xB73,UL18A-709@,UNISEM_18B_1769@,UNISEM19A_RS-93(RS19-7093)@,,,,,,,,,,
LANDB087C,SA_28-High,CIMMYTMA-012440,16832,PIUR106,,-4.635925,-79.710107,2641,,RS17-179xB73,RS17-179xB73,UL18A-710@,UNISEM_18B_1770@,UNISEM19A_RS-94(RS19-7094)@,,,,,,,,,,
LANDB088A,SA_28-Low,CIMMYTMA-026035,27348,PIUR152,,-4.872712,-80.711375,49,,RS17-178xB73,RS17-178xB73,RS17-6682.1@,UNISEM_18B_1771@,UNISEM19A_RS-95(RS19-7095)@,,,,,,,,,,
LANDB088B,SA_28-Low,CIMMYTMA-026035,27348,PIUR152,,-4.872712,-80.711375,49,,RS17-178xB73,RS17-178xB73,RS17-6682.2@,UL18A-712@,UNISEM_18B_1772@,,,,,,,,,,
LANDB088C,SA_28-Low,CIMMYTMA-026035,27348,PIUR152,,-4.872712,-80.711375,49,,RS17-178xB73,RS17-178xB73,RS17-6682.3@,UL18A-713@,UNISEM_18B_1773@,RS19-3213,,,,,,,,,
LANDB089A,SA_29-High,CIMMYTMA-024483,26132,ARZM09063,PISING,-23.534009,-65.76493,3488,,RS17-114xB73,,RS17-6683.1@,UL18A-714@,UNISEM_18B_1774@,RS19-3214,,,,,,,,,
LANDB089B,SA_29-High,CIMMYTMA-024483,26132,ARZM09063,PISING,-23.534009,-65.76493,3488,,RS17-114xB73,,RS17-6683.2@,UL18A-715@,UNISEM_18B_1775@,RS19-3215,,,,,,,,,
LANDB089C,SA_29-High,CIMMYTMA-024483,26132,ARZM09063,PISING,-23.534009,-65.76493,3488,,RS17-114xB73,,UL18A-716@,UNISEM_18B_1776@,UNISEM19A_RS-96(RS19-7096)@,,,,,,,,,,
LANDB090A,SA_29-Low,CIMMYTMA-026714,4254,ARZM07041,PERLIT,-23.78,-61.48,175,,RS17-232xB73,RS17-232xB73,RS17-6684.1@,UL18A-717@,UNISEM_18B_1777@,RS19-3216,,,,,,,,,
LANDB090B,SA_29-Low,CIMMYTMA-026714,4254,ARZM07041,PERLIT,-23.78,-61.48,175,,RS17-232xB73,RS17-232xB73,RS17-6684.2@,UL18A-718@,UNISEM_18B_1778@,RS19-3217,,,,,,,,,
LANDB090C,SA_29-Low,CIMMYTMA-026714,4254,ARZM07041,PERLIT,-23.78,-61.48,175,,RS17-232xB73,RS17-232xB73,UNISEM_18B_1779@,UNISEM19A_RS-97(RS19-7097)@,UNISEM19B-12659,RS20-3385.1@,,,,,,,,,
LANDB091A,SA_3-High,CIMMYTMA-013311,17221,ECUAX14210,MEZCLA,-3.620286,-79.237167,2497,,RS17-225xB73,,RS17-6685.1@,UL18A-720@,UNISEM_18B_1780@,RS19-3218,,,,,,,,,
LANDB091B,SA_3-High,CIMMYTMA-013311,17221,ECUAX14210,MEZCLA,-3.620286,-79.237167,2497,,RS17-225xB73,,RS17-6685.2@,UNISEM_18B_1781@,UNISEM19A_RS-98(RS19-7098)@,,,,,,,,,,
LANDB091C,SA_3-High,CIMMYTMA-013311,17221,ECUAX14210,MEZCLA,-3.620286,-79.237167,2497,,RS17-225xB73,,RS17-6685.3@,UL18A-722@,UNISEM19B-12660,RS20-3386.1@,,,,,,,,,
LANDB092A,SA_3-Low,CIMMYTMA-010248,15729,ECUA,,-2.761385,-79.747472,2,,RS17-224xB73,,RS17-6686.1@,UL18A-723@,UNISEM_18B_1783@,RS19-3219,,,,,,,,,
LANDB092B,SA_3-Low,CIMMYTMA-010248,15729,ECUA,,-2.761385,-79.747472,2,,RS17-224xB73,,RS17-6686.2@,UL18A-724@,UNISEM_18B_1784@,RS19-3220,,,,,,,,,
LANDB092C,SA_3-Low,CIMMYTMA-010248,15729,ECUA,,-2.761385,-79.747472,2,,RS17-224xB73,,RS17-6686.3@,UL18A-725@,UNISEM_18B_1785@,RS19-3221,,,,,,,,,
LANDB093A,SA_30-High,CIMMYTMA-014996,18700,BOZM0696,MOROCH,-20.78333333,-64.76666667,3100,,RS17-160xB73,RS17-160xB73,RS17-6687.1@,UNISEM_18B_1786@,UNISEM19B-12661,,,,,,,,,,
LANDB093B,SA_30-High,CIMMYTMA-014996,18700,BOZM0696,MOROCH,-20.78333333,-64.76666667,3100,,RS17-160xB73,RS17-160xB73,RS17-6687.2@,UL18A-727@,UNISEM_18B_1787@,RS19-3222,,,,,,,,,
LANDB093C,SA_30-High,CIMMYTMA-014996,18700,BOZM0696,MOROCH,-20.78333333,-64.76666667,3100,,RS17-160xB73,RS17-160xB73,RS17-6687.3@,UNISEM_18B_1788@,UNISEM19B-12662,RS20-3388.1@,,,,,,,,,
LANDB094A,SA_30-Low,CIMMYTMA-014311,18078,BOZM0296,APERLA,-21.550444,-64.126759,920,,RS17-136xB73,,RS17-6688.1@,UL18A-729@,UNISEM_18B_1789@,,,,,,,,,,
LANDB094B,SA_30-Low,CIMMYTMA-014311,18078,BOZM0296,APERLA,-21.550444,-64.126759,920,,RS17-136xB73,,RS17-6688.2@,UL18A-730@,UNISEM_18B_1790@,RS19-3224,,,,,,,,,
LANDB094C,SA_30-Low,CIMMYTMA-014311,18078,BOZM0296,APERLA,-21.550444,-64.126759,920,,RS17-136xB73,,RS17-6688.3@,UL18A-731@,UNISEM_18B_1791@,RS19-3225,,,,,,,,,
LANDB095A,SA_32-High,#N/A,#N/A,#N/A,#N/A,#N/A,#N/A,#N/A,,RS17-231xB73,,RS17-6689.1@,UNISEM_18B_1792@,UNISEM19B-12663,RS20-3389.1@,,,,,,,,,
LANDB095B,SA_32-High,#N/A,#N/A,#N/A,#N/A,#N/A,#N/A,#N/A,,RS17-231xB73,,RS17-6689.2@,,UNISEM19B-12664,RS20-3390.1@,,,,,,,,,
LANDB095C,SA_32-High,#N/A,#N/A,#N/A,#N/A,#N/A,#N/A,#N/A,,RS17-231xB73,,RS17-6689.3@,UL18A-734@,UNISEM_18B_1794@,RS19-3226,,,,,,,,,
LANDB096A,SA_32-Low,#N/A,#N/A,#N/A,#N/A,#N/A,#N/A,#N/A,,RS17-230xB73,RS17-230xB73,RS17-6690.1@,UL18A-735@,,,UL18A-735@,,,,,,,,
LANDB096B,SA_32-Low,#N/A,#N/A,#N/A,#N/A,#N/A,#N/A,#N/A,,RS17-230xB73,RS17-230xB73,RS17-6690.2@,UL18A-736@,UNISEM_18B_1796@,RS19-3227,,,,,,,,,
LANDB096C,SA_32-Low,#N/A,#N/A,#N/A,#N/A,#N/A,#N/A,#N/A,,RS17-230xB73,RS17-230xB73,UL18A-737@,UNISEM_18B_1797@,UNISEM19B-12666,RS20-3391.1@,,,,,,,,,
LANDB097A,SA_33-High,#N/A,#N/A,#N/A,#N/A,#N/A,#N/A,#N/A,,RS17-155xB73,RS17-155xB73,RS17-6691.1@,UL18A-738@,UNISEM_18B_1798@,,,,,,,,,,
LANDB097B,SA_33-High,#N/A,#N/A,#N/A,#N/A,#N/A,#N/A,#N/A,,RS17-155xB73,RS17-155xB73,RS17-6691.2@,UL18A-739@,UNISEM_18B_1799@,RS19-3229,,,,,,,,,
LANDB097C,SA_33-High,#N/A,#N/A,#N/A,#N/A,#N/A,#N/A,#N/A,,RS17-155xB73,RS17-155xB73,RS17-6691.3@,UL18A-740@,UNISEM_18B_1800@,RS19-3230,,,,,,,,,
LANDB098A,SA_33-Low,#N/A,#N/A,#N/A,#N/A,#N/A,#N/A,#N/A,,RS17-154xB73,,RS17-6692.1@,UNISEM_18B_1801@,UNISEM19B-12667,,,,,,,,,,
LANDB098B,SA_33-Low,#N/A,#N/A,#N/A,#N/A,#N/A,#N/A,#N/A,,RS17-154xB73,,UNISEM_18B_1802@,UNISEM19B-12604,RS20-3452.1@,,,,,,,,,,
LANDB098C,SA_33-Low,#N/A,#N/A,#N/A,#N/A,#N/A,#N/A,#N/A,,RS17-154xB73,,UL18A-743@,UNISEM_18B_1803@,UNISEM19A_RS-108(RS19-7108)@,,,,,,,,,,
LANDB099A,SA_4-High,CIMMYTMA-018676,21469,BOLI683,,-16.5,-68.15,3929,,RS17-241xB73,RS17-241xB73,RS17-6693.1@,UL18A-744@,UNISEM_18B_1804@,RS19-3231,,,,,,,,,
LANDB099B,SA_4-High,CIMMYTMA-018676,21469,BOLI683,,-16.5,-68.15,3929,,RS17-241xB73,RS17-241xB73,RS17-6693.2@,UL18A-745@,UNISEM_18B_1805@,,,,,,,,,,
LANDB099C,SA_4-High,CIMMYTMA-018676,21469,BOLI683,,-16.5,-68.15,3929,,RS17-241xB73,RS17-241xB73,RS17-6693.3@,UL18A-746@,UNISEM_18B_1806@,RS19-3233,,,,,,,,,
LANDB100A,SA_4-Low,CIMMYTMA-028912,29858,BOZM0704,CUBAAM,-17.41666667,-60.66666667,324,,RS17-240xB73,RS17-240xB73,RS17-6694.1@,UL18A-747@,UNISEM_18B_1807@,RS19-3234,,,,,,,,,
LANDB100B,SA_4-Low,CIMMYTMA-028912,29858,BOZM0704,CUBAAM,-17.41666667,-60.66666667,324,,RS17-240xB73,RS17-240xB73,RS17-6694.2@,UL18A-748@,UNISEM_18B_1808@,RS19-3235,,,,,,,,,
LANDB100C,SA_4-Low,CIMMYTMA-028912,29858,BOZM0704,CUBAAM,-17.41666667,-60.66666667,324,,RS17-240xB73,RS17-240xB73,RS17-6694.3@,UL18A-749@,UNISEM_18B_1809@,RS19-3236,,,,,,,,,
LANDB101A,SA_6-High,CIMMYTMA-012085,16727,ANC.526,,-9.385108,-77.240432,3524,,RS17-210xB73,,RS17-6695.1@,UNISEM_18B_1810@,UNISEM19A_RS-109(RS19-7109)@,,,,,,,,,,
LANDB101B,SA_6-High,CIMMYTMA-012085,16727,ANC.526,,-9.385108,-77.240432,3524,,RS17-210xB73,,RS17-6695.2@,UL18A-751@,UNISEM_18B_1811@,RS19-3237,,,,,,,,,
LANDB101C,SA_6-High,CIMMYTMA-012085,16727,ANC.526,,-9.385108,-77.240432,3524,,RS17-210xB73,,RS17-6695.3@,UL18A-752@,UNISEM_18B_1812@,RS19-3238,,,,,,,,,
LANDB102A,SA_6-Low,CIMMYTMA-014588,18330,UCAYAL9,,-9.028934,-75.513495,306,,RS17-211xB73,RS17-211xB73,RS17-6696.1@,UL18A-753@,UNISEM_18B_1813@,RS19-3239,,,,,,,,,
LANDB102B,SA_6-Low,CIMMYTMA-014588,18330,UCAYAL9,,-9.028934,-75.513495,306,,RS17-211xB73,RS17-211xB73,RS17-6696.2@,UL18A-754@,UNISEM_18B_1814@,RS19-3240,,,,,,,,,
LANDB102C,SA_6-Low,CIMMYTMA-014588,18330,UCAYAL9,,-9.028934,-75.513495,306,,RS17-211xB73,RS17-211xB73,RS17-6696.3@,UL18A-755@,UNISEM_18B_1815@,RS19-3241,,,,,,,,,
LANDB103A,SA_7-High,CIMMYTMA-012231,16793,APUC.169,CHUNCH,-13.650254,-72.89971,2154,,RS17-245xB73,,RS17-6697.1@,UL18A-756@,UNISEM_18B_1816@,,,,,,,,,,
LANDB103B,SA_7-High,CIMMYTMA-012231,16793,APUC.169,CHUNCH,-13.650254,-72.89971,2154,,RS17-245xB73,,RS17-6697.2@,UL18A-757@,UNISEM19B-12668,RS20-3393.1@,,,,,,,,,
LANDB103C,SA_7-High,CIMMYTMA-012231,16793,APUC.169,CHUNCH,-13.650254,-72.89971,2154,,RS17-245xB73,,UL18A-758@,UNISEM_18B_1818@,UNISEM19A_RS-111(RS19-7111)@,,,,,,,,,,
LANDB104A,SA_7-Low,CIMMYTMA-017281,20639,BOLI1060,,-14.389555,-65.195133,149,,RS17-244xB73,RS17-244xB73,RS17-6698.1@,UL18A-759@,UNISEM_18B_1819@,RS19-3243,,,,,,,,,
LANDB104B,SA_7-Low,CIMMYTMA-017281,20639,BOLI1060,,-14.389555,-65.195133,149,,RS17-244xB73,RS17-244xB73,RS17-6698.2@,UL18A-760@,UNISEM_18B_1820@,RS19-3244,,,,,,,,,
LANDB104C,SA_7-Low,CIMMYTMA-017281,20639,BOLI1060,,-14.389555,-65.195133,149,,RS17-244xB73,RS17-244xB73,RS17-6698.3@,UNISEM19A_RS-112(RS19-7112)@,UNISEM19B-12669,RS20-3394.1@,,,,,,,,,
LANDB105A,SA_8-High,CIMMYTMA-012342,16816,LIB.114,SHAJAT,-7.804269,-78.041914,3217,,RS17-198xB73,RS17-198xB73,RS17-6699.1@,UL18A-762@,UNISEM_18B_1822@,RS19-3245,,,,,,,,,
LANDB105B,SA_8-High,CIMMYTMA-012342,16816,LIB.114,SHAJAT,-7.804269,-78.041914,3217,,RS17-198xB73,RS17-198xB73,RS17-6699.2@,UL18A-763@,UNISEM_18B_1823@,,,,,,,,,,
LANDB105C,SA_8-High,CIMMYTMA-012342,16816,LIB.114,SHAJAT,-7.804269,-78.041914,3217,,RS17-198xB73,RS17-198xB73,RS17-6699.3@,UL18A-764@,UNISEM_18B_1824@,,,,,,,,,,
LANDB106A,SA_8-Low,CIMMYTMA-026062,27375,SNMART124,,-7.174336,-76.692725,269,,RS17-199xB73,RS17-199xB73,RS17-6700.1@,UL18A-765@,UNISEM_18B_1825@,,,,,,,,,,
LANDB106B,SA_8-Low,CIMMYTMA-026062,27375,SNMART124,,-7.174336,-76.692725,269,,RS17-199xB73,RS17-199xB73,RS17-6700.2@,UL18A-766@,UNISEM_18B_1826@,,,,,,,,,,
LANDB106C,SA_8-Low,CIMMYTMA-026062,27375,SNMART124,,-7.174336,-76.692725,269,,RS17-199xB73,RS17-199xB73,RS17-6700.3@,UL18A-767@,UNISEM_18B_1827@,,,,,,,,,,
LANDB107A,SA_9-High,CIMMYTMA-018242,21105,CUZ.351,PISCCO,-13.420293,-72.2085,3326,,RS17-175xB73,RS17-175xB73,RS17-6701.1@,UNISEM_18B_1828@,UNISEM19A_RS-113(RS19-7113)@,,,,,,,,,,
LANDB107B,SA_9-High,CIMMYTMA-018242,21105,CUZ.351,PISCCO,-13.420293,-72.2085,3326,,RS17-175xB73,RS17-175xB73,RS17-6701.2@,UL18A-769@,UNISEM_18B_1829@,,,,,,,,,,
LANDB107C,SA_9-High,CIMMYTMA-018242,21105,CUZ.351,PISCCO,-13.420293,-72.2085,3326,,RS17-175xB73,RS17-175xB73,UNISEM_18B_1830@,UNISEM19A_RS-114(RS19-7114)@,UNISEM19B-12670,RS20-3395.1@,,,,,,,,,
LANDB108A,SA_9-Low,CIMMYTMA-016832,20302,LIM.76,,-12.73333333,-76.46666667,260,,RS17-174xB73,RS17-174xB73,RS17-6702.1@,UNISEM_18B_1831@,,,UNISEM_18B_1831@,,,,,,,,
LANDB108B,SA_9-Low,CIMMYTMA-016832,20302,LIM.76,,-12.73333333,-76.46666667,260,,RS17-174xB73,RS17-174xB73,RS17-6702.2@,UL18A-772@,UNISEM_18B_1832@,,,,,,,,,,
LANDB108C,SA_9-Low,CIMMYTMA-016832,20302,LIM.76,,-12.73333333,-76.46666667,260,,RS17-174xB73,RS17-174xB73,RS17-6702.1@,UL18A-773@,UNISEM_18B_1833@,,,,,,,,,,
LANDB109A,F01-M01,MENDEZ,,,,,,,,RS15-629.1xB73,,UL18A-774.1@,RS20-3396.1@,,,RS20-3396.1@,,,,,,,,
LANDB109B,F01-M01,MENDEZ,,,,,,,,RS15-629.1xB73,,UL18A-774.2@,UNISEM_18B_1835@,UNISEM19A_RS-117(RS19-7117)@,,,,,,,,,,
LANDB109C,F01-M01,MENDEZ,,,,,,,,RS15-629.1xB73,,UL18A-774.3@,UNISEM_18B_1836@,UNISEM19A_RS-118(RS19-7118)@,,,,,,,,,,
LANDB110A,F06-M1,MENDEZ,,,,,,,,RS15-630.3xB73,,UL18A-775.1@,UNISEM_18B_1837@,UNISEM19B-12673,RS20-3397.1@,,,,,,,,,
LANDB110B,F06-M1,MENDEZ,,,,,,,,RS15-630.3xB73,,UL18A-775.2@,UNISEM_18B_1838@,UNISEM19A_RS-120(RS19-7120)@,,,,,,,,,,
LANDB110C,F06-M1,MENDEZ,,,,,,,,RS15-630.3xB73,,UL18A-775.3@,UNISEM_18B_1839@,UNISEM19A_RS-121(RS19-7121)@,,,,,,,,,,
LANDB111A,F08-M2,MENDEZ,,,,,,,,RS15-631.1xB73,,UL18A-776.1@,UNISEM_18B_1840@,UNISEM19A_RS-122(RS19-7122)@,,,,,,,,,,
LANDB111B,F08-M2,MENDEZ,,,,,,,,RS15-631.1xB73,,UL18A-776.2@,UNISEM_18B_1841@,UNISEM19B-12674,RS20-3398.1@,,,,,,,,,
LANDB111C,F08-M2,MENDEZ,,,,,,,,RS15-631.1xB73,,UNISEM_18B_1842@,UNISEM19A_RS-124(RS19-7124)@,UNISEM19B-12675,RS20-3399.1@,,,,,,,,,
LANDB112A,F22-M1,MENDEZ,,,,,,,,RS15-632.1xB73,,UL18A-777.1@,UNISEM_18B_1843@,UNISEM19A_RS-125(RS19-7125)@,,,,,,,,,,
LANDB112B,F22-M1,MENDEZ,,,,,,,,RS15-632.1xB73,,UL18A-777.2@,UNISEM_18B_1844@,UNISEM19B-12676,RS20-3400.1@,,,,,,,,,
LANDB112C,F22-M1,MENDEZ,,,,,,,,RS15-632.1xB73,,UL18A-777.3@,UNISEM_18B_1845@,,,UNISEM_18B_1845@,,,,,,,,
LANDB113A,F27-M1,MENDEZ,,,,,,,,RS15-633.1xB73,,UL18A-778.1@,UNISEM_18B_1846@,,,UNISEM_18B_1846@,,,,,,,,
LANDB113B,F27-M1,MENDEZ,,,,,,,,RS15-633.1xB73,,UL18A-778.2@,UNISEM_18B_1847@,UNISEM19B-12679,RS20-3401.1@,,,,,,,,,
LANDB113C,F27-M1,MENDEZ,,,,,,,,RS15-633.1xB73,,UNISEM_18B_1848@,,UNISEM19B-12680,RS20-3402.1@,,,,,,,,,
LANDB114A,F30-M5,MENDEZ,,,,,,,,RS15-634.1xB73,,UL18A-779.1@,UNISEM_18B_1849@,,,UNISEM_18B_1849@,,,,,,,,
LANDB114B,F30-M5,MENDEZ,,,,,,,,RS15-634.1xB73,,UL18A-779.2@,UNISEM_18B_1850@,UNISEM19A_RS-132(RS19-7132)@,,,,,,,,,,
LANDB114C,F30-M5,MENDEZ,,,,,,,,RS15-634.1xB73,,UNISEM_18B_1851@,UNISEM19B-12605,RS20-3453.1@,,,,,,,,,,
LANDB115A,F32-M2,MENDEZ,,,,,,,,RS15-635.1xB73,,UL18A-780.1@,UNISEM_18B_1852@,,,UNISEM_18B_1852@,,,,,,,,
LANDB115B,F32-M2,MENDEZ,,,,,,,,RS15-635.1xB73,,UL18A-780.2@,UNISEM19B-12606,RS20-3454.1@,,,,,,,,,,
LANDB115C,F32-M2,MENDEZ,,,,,,,,RS15-635.1xB73,,UNISEM_18B_1854@,UNISEM19B-12607,RS20-3455.1@,,,,,,,,,,
LANDB116A,F32A-M1,MENDEZ,,,,,,,,RS15-637.2xB73,,UL18A-781.1@,UNISEM_18B_1855@,,,UNISEM_18B_1855@,,,,,,,,
LANDB116B,F32A-M1,MENDEZ,,,,,,,,RS15-637.2xB73,,UL18A-781.2@,UNISEM_18B_1856@,UNISEM19A_RS-138(RS19-7138)@,,,,,,,,,,
LANDB116C,F32A-M1,MENDEZ,,,,,,,,RS15-637.2xB73,,UNISEM_18B_1857@,UNISEM19A_RS-139(RS19-7139)@,UNISEM19B-12684,RS20-3403.1@,,,,,,,,,
LANDB117A,F64-M3,MENDEZ,,,,,,,,RS15-662.1xB73,,UL18A-782.1@,UNISEM_18B_1858@,UNISEM19B-12685,RS20-3404.1@,,,,,,,,,
LANDB117B,F64-M3,MENDEZ,,,,,,,,RS15-662.1xB73,,UL18A-782.2@,UNISEM_18B_1859@,UNISEM19A_RS-141(RS19-7141)@,,,,,,,,,,
LANDB117C,F64-M3,MENDEZ,,,,,,,,RS15-662.1xB73,,UNISEM_18B_1860@,,UNISEM19B-12686,RS20-3405.1@,,,,,,,,,
LANDB118A,F36-M1,MENDEZ,,,,,,,,RS15-639.4xB73,,UL18A-783@,UNISEM_18B_1861@,,,UNISEM_18B_1861@,,,,,,,,
LANDB118B,F36-M1,MENDEZ,,,,,,,,RS15-639.4xB73,,UNISEM_18B_1862@,,UNISEM19B-12688,RS20-3406.1@,,,,,,,,,
LANDB118C,F36-M1,MENDEZ,,,,,,,,RS15-639.4xB73,,UNISEM_18B_1863@,UNISEM19A_RS-145(RS19-7145)@,UNISEM19B-12689,RS20-3407.1@,,,,,,,,,
LANDB119A,F38-M2,MENDEZ,,,,,,,,RS15-640.1xB73,,UL18A-784.1@,UNISEM_18B_1864@,UNISEM19B-12690,RS20-3408.1@,,,,,,,,,
LANDB119B,F38-M2,MENDEZ,,,,,,,,RS15-640.1xB73,,UL18A-784.2@,UNISEM_18B_1865@,UNISEM19A_RS-147(RS19-7147)@,,,,,,,,,,
LANDB119C,F38-M2,MENDEZ,,,,,,,,RS15-640.1xB73,,UL18A-784.3@,UNISEM_18B_1866@,UNISEM19A_RS-148(RS19-7148)@,,,,,,,,,,
LANDB120A,F37-M2,MENDEZ,,,,,,,,RS15-641.6xB73,,UL18A-785.1@,UNISEM_18B_1867@,UNISEM19B-12691,RS20-3409.1@,,,,,,,,,
LANDB120B,F37-M2,MENDEZ,,,,,,,,RS15-641.6xB73,,UL18A-785.2@,UNISEM_18B_1868@,,,UNISEM_18B_1868@,,,,,,,,
LANDB120C,F37-M2,MENDEZ,,,,,,,,RS15-641.6xB73,,UNISEM_18B_1869@,,UNISEM19B-12693,RS20-3410.1@,,,,,,,,,
LANDB121A,F38-M3,MENDEZ,,,,,,,,RS15-642.2xB73,,UL18A-786@,UNISEM_18B_1870@,,,UNISEM_18B_1870@,,,,,,,,
LANDB121B,F38-M3,MENDEZ,,,,,,,,RS15-642.2xB73,,UNISEM_18B_1871@,,UNISEM19B-12695,RS20-3411.1@,,,,,,,,,
LANDB121C,F38-M3,MENDEZ,,,,,,,,RS15-642.2xB73,,UNISEM_18B_1872@,UNISEM19A_RS-154(RS19-7154)@,UNISEM19B-12696,RS20-3412.1@,,,,,,,,,
LANDB122A,F40A-M4,MENDEZ,,,,,,,,RS15-644.1xB73,,UL18A-787.1@,UNISEM_18B_1873@,UNISEM19A_RS-155(RS19-7155)@,,,,,,,,,,
LANDB122B,F40A-M4,MENDEZ,,,,,,,,RS15-644.1xB73,,UL18A-787.2@,UNISEM_18B_1874@,UNISEM19A_RS-156(RS19-7156)@,,,,,,,,,,
LANDB122C,F40A-M4,MENDEZ,,,,,,,,RS15-644.1xB73,,UNISEM_18B_1875@,UNISEM19A_RS-157(RS19-7157)@,,,UNISEM19A_RS-157(RS19-7157)@,,,,,,,,
LANDB123A,F42-M1,MENDEZ,,,,,,,,RS15-645.2xB73,,UL18A-788.1@,UNISEM_18B_1876@,,,UNISEM_18B_1876@,,,,,,,,
LANDB123B,F42-M1,MENDEZ,,,,,,,,RS15-645.2xB73,,UL18A-788.2@,UNISEM_18B_1877@,,,UNISEM_18B_1877@,,,,,,,,
LANDB123C,F42-M1,MENDEZ,,,,,,,,RS15-645.2xB73,,UL18A-788.3@,UNISEM_18B_1878@,UNISEM19A_RS-160(RS19-7160)@,,,,,,,,,,
LANDB124A,F43-M1,MENDEZ,,,,,,,,RS15-646.1xB73,,UL18A-789.1@,UNISEM_18B_1879@,UNISEM19A_RS-161(RS19-7161)@,,,,,,,,,,
LANDB124B,F43-M1,MENDEZ,,,,,,,,RS15-646.1xB73,,UL18A-789.2@,UNISEM_18B_1880@,UNISEM19A_RS-162(RS19-7162)@,,,,,,,,,,
LANDB124C,F43-M1,MENDEZ,,,,,,,,RS15-646.1xB73,,UNISEM_18B_1881@,,UNISEM19B-12699,RS20-3413.1@,,,,,,,,,
LANDB125A,F43-M2,MENDEZ,,,,,,,,RS15-647.2xB73,,UL18A-790@,UNISEM_18B_1882@,UNISEM19B-12700,RS20-3414.1@,,,,,,,,,
LANDB125B,F43-M2,MENDEZ,,,,,,,,RS15-647.2xB73,,UNISEM_18B_1883@,UNISEM19B-12608,RS20-3456.1@,,,,,,,,,,
LANDB125C,F43-M2,MENDEZ,,,,,,,,RS15-647.2xB73,,UNISEM_18B_1884@,,UNISEM19B-12701,RS20-3415.1@,,,,,,,,,
LANDB126A,F45-M1,MENDEZ,,,,,,,,RS15-648.5xB73,,UL18A-791.1@,UNISEM_18B_1885@,,,UNISEM_18B_1885@,,,,,,,,
LANDB126B,F45-M1,MENDEZ,,,,,,,,RS15-648.5xB73,,UL18A-791.2@,UNISEM_18B_1886@,,,UNISEM_18B_1886@,,,,,,,,
LANDB126C,F45-M1,MENDEZ,,,,,,,,RS15-648.5xB73,,UL18A-791.3@,UNISEM_18B_1887@,UNISEM19B-12704,,,,,,,,,,
LANDB127A,F47-M1,MENDEZ,,,,,,,,RS15-649.6xB73,,UL18A-792.1@,UNISEM_18B_1888@,UNISEM19A_RS-170(RS19-7170)@,,,,,,,,,,
LANDB127B,F47-M1,MENDEZ,,,,,,,,RS15-649.6xB73,,UL18A-792.2@,UNISEM_18B_1889@,UNISEM19A_RS-171(RS19-7171)@,,,,,,,,,,
LANDB127C,F47-M1,MENDEZ,,,,,,,,RS15-649.6xB73,,UL18A-792.3@,UNISEM_18B_1890@,UNISEM19A_RS-172(RS19-7172)@,,,,,,,,,,
LANDB128A,F47-M2,MENDEZ,,,,,,,,RS15-650.6xB73,,UL18A-793@,UNISEM_18B_1891@,UNISEM19A_RS-173(RS19-7173)@,,,,,,,,,,
LANDB128B,F47-M2,MENDEZ,,,,,,,,RS15-650.6xB73,,UNISEM_18B_1892@,,,,,,,,,,,,
LANDB128C,F47-M2,MENDEZ,,,,,,,,RS15-650.6xB73,,UNISEM_18B_1893@,UNISEM19B-12609,RS20-3457.1@,,,,,,,,,,
LANDB129A,F55-M3,MENDEZ,,,,,,,,RS15-651.3xB73,,UL18A-794.1@,UNISEM_18B_1894@,UNISEM19A_RS-176(RS19-7176)@,,,,,,,,,,
LANDB129B,F55-M3,MENDEZ,,,,,,,,RS15-651.3xB73,,UL18A-794.2@,UNISEM_18B_1895@,UNISEM19B-12706,RS20-3417.1@,,,,,,,,,
LANDB129C,F55-M3,MENDEZ,,,,,,,,RS15-651.3xB73,,UNISEM_18B_1896@,UNISEM19B-12610,RS20-3458.1@,,,,,,,,,,
LANDB130A,F55-M4a,MENDEZ,,,,,,,,RS15-652.2xB73,,UL18A-795.1@,UNISEM_18B_1897@,UNISEM19B-12707,RS20-3418.1@,,,,,,,,,
LANDB130B,F55-M4a,MENDEZ,,,,,,,,RS15-652.2xB73,,UL18A-795.2@,UNISEM_18B_1898@,UNISEM19A_RS-180(RS19-7180)@,,,,,,,,,,
LANDB130C,F55-M4a,MENDEZ,,,,,,,,RS15-652.2xB73,,UNISEM_18B_1899@,,UNISEM19B-12708,RS20-3419.1@,,,,,,,,,
LANDB131A,F57-M1,MENDEZ,,,,,,,,RS15-653.4xB73,,UL18A-796.1@,UNISEM_18B_1900@,UNISEM19A_RS-182(RS19-7182)@,,,,,,,,,,
LANDB131B,F57-M1,MENDEZ,,,,,,,,RS15-653.4xB73,,UL18A-796.2@,UNISEM_18B_1901@,UNISEM19A_RS-183(RS19-7183)@,,,,,,,,,,
LANDB131C,F57-M1,MENDEZ,,,,,,,,RS15-653.4xB73,,UNISEM_18B_1902@,UNISEM19A_RS-184(RS19-7184)@,UNISEM19B-12709,,,,,,,,,,
LANDB132A,F64-M2,MENDEZ,,,,,,,,RS15-654.1xB73,,UL18A-797.1@,UNISEM_18B_1903@,UNISEM19A_RS-185(RS19-7185)@,RS20-3421.1@,,,,,,,,,
LANDB132B,F64-M2,MENDEZ,,,,,,,,RS15-654.1xB73,,UL18A-797.2@,UNISEM_18B_1904@,,,UNISEM_18B_1904@,,,,,,,,
LANDB132C,F64-M2,MENDEZ,,,,,,,,RS15-654.1xB73,,UNISEM_18B_1905@,UNISEM19A_RS-187(RS19-7187)@,UNISEM19B-12711,,,,,,,,,,
LANDB133A,F67-M1,MENDEZ,,,,,,,,RS15-655.1xB73,,UL18A-798.1@,UNISEM_18B_1906@,UNISEM19B-12712,RS20-3422.1@,,,,,,,,,
LANDB133B,F67-M1,MENDEZ,,,,,,,,RS15-655.1xB73,,UL18A-798.2@,UNISEM_18B_1907@,UNISEM19A_RS-189(RS19-7189)@,,,,,,,,,,
LANDB133C,F67-M1,MENDEZ,,,,,,,,RS15-655.1xB73,,UL18A-798.3@,UNISEM_18B_1908@,UNISEM19A_RS-190(RS19-7190)@,,,,,,,,,,
LANDB134A,F69-M1,MENDEZ,,,,,,,,RS15-656.1xB73,,UL18A-799@,UNISEM_18B_1909@,,,UNISEM_18B_1909@,,,,,,,,
LANDB134B,F69-M1,MENDEZ,,,,,,,,RS15-656.1xB73,,UNISEM_18B_1910@,UNISEM19B-12611,RS20-3459@,,,,,,,,,,
LANDB134C,F69-M1,MENDEZ,,,,,,,,RS15-656.1xB73,,UNISEM_18B_1911@,,UNISEM19B-12714,,,,,,,,,,
LANDB135A,F72-M1,MENDEZ,,,,,,,,RS15-657.1xB73,,UL18A-800.1@,UNISEM_18B_1912@,UNISEM19B-12715,RS20-3424.1@,,,,,,,,,
LANDB135B,F72-M1,MENDEZ,,,,,,,,RS15-657.1xB73,,UL18A-800.2@,UNISEM_18B_1913@,UNISEM19B-12716,RS20-3425.1@,,,,,,,,,
LANDB135C,F72-M1,MENDEZ,,,,,,,,RS15-657.1xB73,,UNISEM_18B_1914@,,UNISEM19B-12717,RS20-3426.1@,,,,,,,,,
LANDB136A,F77-M2,MENDEZ,,,,,,,,RS15-658.1xB73,,UL18A-801.1@,UNISEM_18B_1915@,,,UNISEM_18B_1915@,,,,,,,,
LANDB136B,F77-M2,MENDEZ,,,,,,,,RS15-658.1xB73,,UL18A-801.2@,UNISEM_18B_1916@,,,UNISEM_18B_1916@,,,,,,,,
LANDB136C,F77-M2,MENDEZ,,,,,,,,RS15-658.1xB73,,UL18A-801.3@,UNISEM_18B_1917@,UNISEM19A_RS-199(RS19-7199)@,,,,,,,,,,
LANDB137A,F81-M3,MENDEZ,,,,,,,,RS15-660.1xB73,,UL18A-802.1@,UNISEM_18B_1918@,UNISEM19A_RS-200(RS19-7200)@,,,,,,,,,,
LANDB137B,F81-M3,MENDEZ,,,,,,,,RS15-660.1xB73,,UL18A-802.2@,UNISEM_18B_1919@,UNISEM19B-12720,RS20-3427.1@,,,,,,,,,
LANDB137C,F81-M3,MENDEZ,,,,,,,,RS15-660.1xB73,,UL18A-802.3@,UNISEM_18B_1920@,UNISEM19A_RS-202(RS19-7202)@,,,,,,,,,,
LANDB138A,PI 479054,CIMMYTMA-000266,,OAXA50,ZAPCHI,,,,,B73xRS15-420.1,,UL18A-803.1@,UNISEM_18B_1921@,UNISEM19A_RS-203(RS19-7203)@,,,,,,,,,,
LANDB138B,PI 479054,CIMMYTMA-000266,,OAXA50,ZAPCHI,,,,,B73xRS15-420.1,,UL18A-803.2@,UNISEM_18B_1922@,UNISEM19A_RS-204(RS19-7204)@,,,,,,,,,,
LANDB138C,PI 479054,CIMMYTMA-000266,,OAXA50,ZAPCHI,,,,,B73xRS15-420.1,,UL18A-803.3@,UNISEM_18B_1923@,UNISEM19A_RS-205(RS19-7205)@,,,,,,,,,,
LANDB139A,PI 444254,CIMMYTMA-003176,,CALD353,COMUN,,,1500,,B73xRS15-421.1,,UL18A-804.1@,UNISEM_18B_1924@,UNISEM19B-12721,RS20-3428.1@,,,,,,,,,
LANDB139B,PI 444254,CIMMYTMA-003176,,CALD353,COMUN,,,1500,,B73xRS15-421.1,,UL18A-804.2@,UNISEM_18B_1925@,UNISEM19A_RS-207(RS19-7207)@,,,,,,,,,,
LANDB139C,PI 444254,CIMMYTMA-003176,,CALD353,COMUN,,,1500,,B73xRS15-421.1,,UL18A-804.3@,UNISEM_18B_1926@,UNISEM19A_RS-208(RS19-7208)@,,,,,,,,,,
LANDB140A,PI 444309,CIMMYTMA-003138,,CAQU333,ANDAQU,,,500,,B73xRS15-422.1,,UL18A-805.1@,UNISEM_18B_1927@,UNISEM19A_RS-209(RS19-7209)@,,,,,,,,,,
LANDB140B,PI 444309,CIMMYTMA-003138,,CAQU333,ANDAQU,,,500,,B73xRS15-422.1,,UL18A-805.2@,UNISEM_18B_1928@,UNISEM19B-12722,RS20-3429.1@,,,,,,,,,
LANDB140C,PI 444309,CIMMYTMA-003138,,CAQU333,ANDAQU,,,500,,B73xRS15-422.1,,UNISEM_18B_1929@,UNISEM19A_RS-211(RS19-7211)@,UNISEM19B-12723,RS20-3430.1@,,,,,,,,,
LANDB141A,PI 444923,CIMMYTMA-003202,,MAGD355,PUYA,,,27,,B73xRS15-423.1,,UL18A-806.1@,UNISEM_18B_1930@,UNISEM19A_RS-212(RS19-7212)@,,,,,,,,,,
LANDB141B,PI 444923,CIMMYTMA-003202,,MAGD355,PUYA,,,27,,B73xRS15-423.1,,UL18A-806.2@,UNISEM_18B_1931@,UNISEM19A_RS-213(RS19-7213)@,,,,,,,,,,
LANDB141C,PI 444923,CIMMYTMA-003202,,MAGD355,PUYA,,,27,,B73xRS15-423.1,,UL18A-806.3@,UNISEM19B-12724@,,,UNISEM19B-12724@,,,,,,,,
LANDB142A,PI 444473,CIMMYTMA-003190,,CORD320,COSTEN,,,100,,B73xRS15-424.1,,UL18A-807.1@,UNISEM_18B_1933@,UNISEM19A_RS-215(RS19-7215)@,,,,,,,,,,
LANDB142B,PI 444473,CIMMYTMA-003190,,CORD320,COSTEN,,,100,,B73xRS15-424.1,,UL18A-807.2@,UNISEM_18B_1934@,UNISEM19A_RS-216(RS19-7216)@,,,,,,,,,,
LANDB142C,PI 444473,CIMMYTMA-003190,,CORD320,COSTEN,,,100,,B73xRS15-424.1,,UL18A-807.3@,UNISEM_18B_1935@,UNISEM19A_RS-217(RS19-7217)@,,,,,,,,,,
LANDB143A,PI 478968,CIMMYTMA-000743,,CHIS26,TEPECI,,,,,B73xRS15-425.1,,UL18A-808.1@,UNISEM_18B_1936@,UNISEM19A_RS-218(RS19-7218)@,,,,,,,,,,
LANDB143B,PI 478968,CIMMYTMA-000743,,CHIS26,TEPECI,,,,,B73xRS15-425.1,,UL18A-808.2@,UNISEM_18B_1937@,UNISEM19A_RS-219(RS19-7219)@,,,,,,,,,,
LANDB143C,PI 478968,CIMMYTMA-000743,,CHIS26,TEPECI,,,,,B73xRS15-425.1,,UL18A-808.3@,UNISEM_18B_1938@,UNISEM19A_RS-220(RS19-7220)@,,,,,,,,,,
LANDB144,AN9,CIMMYTMA-005582,,MICH320,CONICO,19.42,-101.56,2483,B73xH16-516.3,B73xRS19-3034.1,,,,,,,,,,,,,,
LANDB145A,AN10,CIMMYTMA-005616,,MICH374,MUSHIT,19.52,-101.73,2188,B73xH16-517.7,B73xRS18-3333,,RS18-12784.1@,UNISEM19A_RS-221(RS19-7221)@,,,UNISEM19A_RS-221(RS19-7221)@,,,,,,,,
LANDB146A,AN11,CIMMYTMA-005618,,MICH376,MUSHIT,19.28,-101.63,2293,B73xH16-518.9,B73xRS18-3334,,RS18-12785.1@,,UNISEM19B-12726,RS20-3431.1@,,,,,,,,,
LANDB147A,AN12,CIMMYTMA-009187,,MICH411,CHALQU,19.52,-101.22,2229,B73xH16-531.11,RS19-3035.1xB73,RS19-3035.2xB73,RS19-15219.1@,UNISEM20A-RS-1@,UNISEM20B-RS-1@,,,,,,,,,,
LANDB147B,AN12,CIMMYTMA-009187,,MICH411,CHALQU,19.52,-101.22,2229,B73xH16-531.11,RS19-3035.1xB73,RS19-3035.2xB73,RS19-15219.2@,,,,,,,,,,,,
LANDB147C,AN12,CIMMYTMA-009187,,MICH411,CHALQU,19.52,-101.22,2229,B73xH16-531.11,RS19-3035.1xB73,RS19-3035.2xB73,RS19-15219.3@,UNISEM20A-RS-3@,UNISEM20B-RS-2@,,,,,,,,,,
LANDB148A,AN13,CIMMYTMA-001456,,MICH195,CHALQU,19.67,-101.92,2430,B73xH16-519.7,B73xRS18-3336,,RS18-12786.1@,,UNISEM19B-12727,RS20-3432.1@,,,,,,,,,
LANDB148B,AN13,CIMMYTMA-001456,,MICH195,CHALQU,19.67,-101.92,2430,B73xH16-519.7,B73xRS18-3336,,RS18-12786.2@,UNISEM19A_RS-224(RS19-7224)@,UNISEM19B-12728,RS20-3433.1@,,,,,,,,,
LANDB148C,AN13,CIMMYTMA-001456,,MICH195,CHALQU,19.67,-101.92,2430,B73xH16-519.7,B73xRS18-3336,,RS18-12786.3@,UNISEM19A_RS-225(RS19-7225)@,UNISEM19B-12729,RS20-3434.1@,,,,,,,,,
LANDB149,AN14,CIMMYTMA-002098,,MICH414,MUSHIT,19.73,-102.08,2129,B73xH16-520.11,B73xRS19-3036.1,,,,,,,,,,,,,,
LANDB150A,AN15,CIMMYTMA-005331,,MICH84,TUXPEN,19.63,-102.5,1298,B73xH16-508.6,RS19-3037.1xB73,,RS19-15220.1@,UNISEM20A-RS-4@,UNISEM20B-RS-3@,,,,,,,,,,
LANDB150B,AN15,CIMMYTMA-005331,,MICH84,TUXPEN,19.63,-102.5,1298,B73xH16-508.6,RS19-3037.1xB73,,RS19-15220.2@,UNISEM20A-RS-5@,UNISEM20B-RS-4@,,,,,,,,,,
LANDB150C,AN15,CIMMYTMA-005331,,MICH84,TUXPEN,19.63,-102.5,1298,B73xH16-508.6,RS19-3037.1xB73,,RS19-15220.3@,,,,,,,,,,,,
LANDB151A,AN16,CIMMYTMA-005589,,MICH329,CONICO,19.68,-101.97,2292,B73xH16-521.12,RS19-3038.1xB73,RS19-3038.2xB73,RS19-15221.1@,,,,,,,,,,,,
LANDB151B,AN16,CIMMYTMA-005589,,MICH329,CONICO,19.68,-101.97,2292,B73xH16-521.12,RS19-3038.1xB73,RS19-3038.2xB73,RS19-15221.2@,,,,,,,,,,,,
LANDB151C,AN16,CIMMYTMA-005589,,MICH329,CONICO,19.68,-101.97,2292,B73xH16-521.12,RS19-3038.1xB73,RS19-3038.2xB73,RS19-15221.3@,,,,,,,,,,,,
LANDB152A,AN17,CIMMYTMA-005599,,MICH348,MUSHIT,19.57,-102.27,2416,B73xH16-522.12,B73xRS18-3340,,RS18-12787.2@,UNISEM19A_RS-226(RS19-7226)@,UNISEM19B-12730,RS20-3435.1@,,,,,,,,,
LANDB152B,AN17,CIMMYTMA-005599,,MICH348,MUSHIT,19.57,-102.27,2416,B73xH16-522.12,B73xRS18-3340,,RS18-12787.3@,UNISEM19A_RS-227(RS19-7227)@,UNISEM19B-12731,RS20-3436.1@,,,,,,,,,
LANDB153A,AN19,CIMMYTMA-013353,,MICH230,VANDEN,19.47,-102.06,1902,B73xH16-523.10,RS19-3039.1xB73,RS19-3039.2xB73,RS19-15222.1@,,,,,,,,,,,,
LANDB153B,AN19,CIMMYTMA-013353,,MICH230,VANDEN,19.47,-102.06,1902,B73xH16-523.10,RS19-3039.1xB73,RS19-3039.2xB73,RS19-15222.2@,,,,,,,,,,,,
LANDB153C,AN19,CIMMYTMA-013353,,MICH230,VANDEN,19.47,-102.06,1902,B73xH16-523.10,RS19-3039.1xB73,RS19-3039.2xB73,RS19-15222.3@,,,,,,,,,,,,
LANDB154A,AN20,CIMMYTMA-001467,,MICH52,CONICO,19.65,-100.59,2180,B73xH16-524.8,B73xRS18-3342,,,,,,,,,,,,,,
LANDB154B,AN20,CIMMYTMA-001467,,MICH52,CONICO,19.65,-100.59,2180,B73xH16-524.8,B73xRS18-3342,,UNISEM_18B_1557@,UNISEM19A_RS-228(RS19-7228)@,UNISEM19B-12732,RS20-3437.1@,,,,,,,,,
LANDB154C,AN20,CIMMYTMA-001467,,MICH52,CONICO,19.65,-100.59,2180,B73xH16-524.8,B73xRS18-3342,,UNISEM_18B_1740@,UNISEM19A_RS-229(RS19-7229)@,UNISEM19B-12733,RS20-3438.1@,,,,,,,,,
LANDB155A,AN21,CIMMYTMA-001380,,MEXI84,CONICO,19.45,-100.18,2939,B73xH16-525.9,B73xRS3040.1,,,,,,,,,,,,,,
LANDB156A,AN22,CIMMYTMA-001395,,MEXI66,CHALQU,19.41,-100.12,2568,B73xH16-526.5,RS19-3041.1xB73,RS19-3041.2xB73,RS19-15225.1@,,,,,,,,,,,,
LANDB156B,AN22,CIMMYTMA-001395,,MEXI66,CHALQU,19.41,-100.12,2568,B73xH16-526.5,RS19-3041.1xB73,RS19-3041.2xB73,RS19-15225.2@,,,,,,,,,,,,
LANDB156C,AN22,CIMMYTMA-001395,,MEXI66,CHALQU,19.41,-100.12,2568,B73xH16-526.5,RS19-3041.1xB73,RS19-3041.2xB73,RS19-15225.3@,,,,,,,,,,,,
LANDB157A,AN23,CIMMYTMA-016600,,MEXI250,CHALQU,19.62,-98.91,2259,B73xH16-527.14,RS19-3042.1xB73,RS19-3042.2xB73,RS19-15226.1@,,,,,,,,,,,,
LANDB158A,AN24,CIMMYTMA-016007,,MEXI103,CONICO,19.35,-99.8,2636,B73xH16-528.18,B73xRS18-3346,,RS18-12789.1@,UNISEM19B-12612,RS20-3460@,,,,,,,,,,
LANDB158B,AN24,CIMMYTMA-016007,,MEXI103,CONICO,19.35,-99.8,2636,B73xH16-528.18,B73xRS18-3346,,RS18-12789.2@,,UNISEM19B-12734,RS20-3439.1@,,,,,,,,,
LANDB158C,AN24,CIMMYTMA-016007,,MEXI103,CONICO,19.35,-99.8,2636,B73xH16-528.18,B73xRS18-3346,,RS18-12789.4@,UNISEM19B-12613,RS20-3461@,,,,,,,,,,
LANDB159A,AN25,CIMMYTMA-019359,,MEXI386,CONICO,19.03,-100.03,1956,B73xH16-529.5,RS19-3043.1xB73,RS19-3043.2xB73,RS19-15227.1@,,,,,,,,,,,,
LANDB159B,AN25,CIMMYTMA-019359,,MEXI386,CONICO,19.03,-100.03,1956,B73xH16-529.5,RS19-3043.1xB73,RS19-3043.2xB73,RS19-15227.2@,UNISEM20A-RS-18@,UNISEM20B-RS-5@,,,,,,,,,,
LANDB159C,AN25,CIMMYTMA-019359,,MEXI386,CONICO,19.03,-100.03,1956,B73xH16-529.5,RS19-3043.1xB73,RS19-3043.2xB73,RS19-15227.3@,,,,,,,,,,,,
LANDB160A,AN26,CIMMYTMA-001374,,MEXI210,PALOME,18.97,-99.4,2445,B73xH16-530.15,RS19-3044.1xB73,RS19-3044.2xB73,RS19_15228.1@,UNISEM20B-RS-20@,UNISEM20B-RS-6@,,,,,,,,,,
LANDB160B,AN26,CIMMYTMA-001374,,MEXI210,PALOME,18.97,-99.4,2445,B73xH16-530.15,RS19-3044.1xB73,RS19-3044.2xB73,RS19_15228.2@,UNISEM20B-RS-21@,UNISEM20B-RS-7@,,,,,,,,,,
LANDB160C,AN26,CIMMYTMA-001374,,MEXI210,PALOME,18.97,-99.4,2445,B73xH16-530.15,RS19-3044.1xB73,RS19-3044.2xB73,RS19_15228.3@,UNISEM20B-RS-22@,UNISEM20B-RS-8@,,,,,,,,,,
LANDB161A,AN28,CIMMYTMA-001531,,VERA35,PALOME,19.54,-97.25,2451,B73xH16-532.2,B73xRS18-3349,,RS18-12790.1@,UNISEM19B-12614,RS20-3462@,,,,,,,,,,
LANDB161B,AN28,CIMMYTMA-001531,,VERA35,PALOME,19.54,-97.25,2451,B73xH16-532.2,B73xRS18-3349,,RS18-12790.2@,,UNISEM19B-12735,RS20-3440.1@,,,,,,,,,
LANDB161C,AN28,CIMMYTMA-001531,,VERA35,PALOME,19.54,-97.25,2451,B73xH16-532.2,B73xRS18-3349,,RS18-12790.3@,UNISEM19B-12615,RS20-3463@,,,,,,,,,,
LANDB162,AN29,CIMMYTMA-002336,,VERA89,CONICO,19.62,-97.08,2634,B73xH16-533.1,B73xRS18-3350,,,,,,,,,,,,,,
LANDB163A,AN30,CIMMYTMA-005626,,VERA306,ARROAM,19.51,-97.2,3017,B73xH16-534.12,B73xRS18-3351,,RS18-12791.1@,UNISEM19B-12616,RS20-3464@,,,,,,,,,,
LANDB163B,AN30,CIMMYTMA-005626,,VERA306,ARROAM,19.51,-97.2,3017,B73xH16-534.12,B73xRS18-3351,,RS18-12791.4@,UNISEM19A_RS-237(RS19-7237)@,,,UNISEM19A_RS-237(RS19-7237)@,,,,,,,,
LANDB163C,AN30,CIMMYTMA-005626,,VERA306,ARROAM,19.51,-97.2,3017,B73xH16-534.12,B73xRS18-3351,,RS18-12791.5@,,UNISEM19B-12737,RS20-3441.1@,,,,,,,,,
LANDB164A,AN31,CIMMYTMA-005638,,VERA321,ARROAM,19.62,-97.17,2552,B73xH16-535.3,RS19-3045.1xB73,RS19-3045.2xB73,RS19-15230.1@,UNISEM20A-RS-23@,UNISEM20B-RS-9@,,,,,,,,,,
LANDB164B,AN31,CIMMYTMA-005638,,VERA321,ARROAM,19.62,-97.17,2552,B73xH16-535.3,RS19-3045.1xB73,RS19-3045.2xB73,RS19-15230.2@,,,,,,,,,,,,
LANDB165A,AN33,CIMMYTMA-016446,,PUEB542,PALOME,19.28,-97.33,2514,B73xH16-537.5,B73xRS18-3353,,RS18-12792.1@,,UNISEM19B-12738,RS20-3442.1@,,,,,,,,,
LANDB165B,AN33,CIMMYTMA-016446,,PUEB542,PALOME,19.28,-97.33,2514,B73xH16-537.5,B73xRS18-3353,,RS18-12792.4@,UNISEM19A_RS-240(RS19-7240)@,UNISEM19B-12739,RS20-3443.1@,,,,,,,,,
LANDB165C,AN33,CIMMYTMA-016446,,PUEB542,PALOME,19.28,-97.33,2514,B73xH16-537.5,B73xRS18-3353,,RS18-12792.5@,UNISEM19B-12617,RS20-3465@,,,,,,,,,,
LANDB166A,AN34,CIMMYTMA-002500,,GUAT303,SALVAD,14.86,-92.08,233,B73xH16-510.4,RS19-3046.1xB73,RS19-3046.2xB73,RS19-15231.1@,UNISEM20B-RS-25@,UNISEM20B-RS-10@,,,,,,,,,,
LANDB166B,AN34,CIMMYTMA-002500,,GUAT303,SALVAD,14.86,-92.08,233,B73xH16-510.4,RS19-3046.1xB73,RS19-3046.2xB73,RS19-15232.1@,UNISEM20B-RS-26@,UNISEM20B-RS-11@,,,,,,,,,,
LANDB166C,AN34,CIMMYTMA-002500,,GUAT303,SALVAD,14.86,-92.08,233,B73xH16-510.4,RS19-3046.1xB73,RS19-3046.2xB73,RS19-15233.1@,UNISEM20B-RS-27@,UNISEM20B-RS-12@,,,,,,,,,,
LANDB167,AN36,CIMMYTMA-018840,,CHIS318,TUXPEN,14.93,-92.16,301,B73xH16-512.9,RS19-3047.1xB73,RS19-3047.2xB73,,,,,,,,,,,,,
LANDB168,AN37,CIMMYTMA-020727,,CHIS117,,15.02,-92.19,583,B73xH16-513.3,,,,,,,,,,,,,,,
LANDB169,AN39,CIMMYTMA-018421,,CHIS286,,16.91,-92.63,1561,B73xH16-514.9,RS19-3049.1xB73,RS19-3049.2xB73,,,,,,,,,,,,,
LANDB170,AN40,CIMMYTMA-030005,,CHIS1055,,,,,B73xH16-538.2,RS19-3050.1xB73,RS19-3050.2xB73,,,,,,,,,,,,,
LANDB171A,,,,APUC56,,,,,,B73xRS15-1225.1,,UL18A-809.1@,UNISEM_18B_1939@,UNISEM19B-12740,,,,,,,,,,
LANDB171B,,,,APUC56,,,,,,B73xRS15-1225.1,,UL18A-809.2@,UNISEM_18B_1940@,UNISEM19B-12741,,,,,,,,,,
LANDB172A,,,,Racimo de Uva 14FG 1230-1,,,,,,B73xRS15-1170.1,,UL18A-810.1@,UNISEM_18B_1941@,UNISEM19B-12742,RS20-3446.1@,,,,,,,,,
LANDB172B,,,,Racimo de Uva 14FG 1230-1,,,,,,B73xRS15-1170.1,,UL18A-810.2@,UNISEM_18B_1942@,UNISEM19B-12743,RS20-3447.1@,,,,,,,,,
LANDB173A,,,,PERU1101,,,,,,B73xRS15-103.1,,UL18A-496@,UNISEM_18B_1943@,UNISEM19A_RS-246(RS19-7246)@,,,,,,,,,,
LANDB174A,,,,JUN82,,,,,,B73xRS15-1223.1,,UL18A-497@,UNISEM_18B_1944@,,,UNISEM_18B_1944@,,,,,,,,
LANDB175A,,,,PERU378,,,,,,B73xRS15-1221.1,,UL18A-680@,UNISEM_18B_1945@,UNISEM19B-12745,RS20-3448.1@,,,,,,,,,
LANDB176,,,,MEXI7,,,,,B73xRS14-2414.1,RS15-1227.1xB73,,,,,,,,,,,,,,
LANDB177,,,,MEXI58,,,,,B73xRS14-2416.1,RS15-1228.1xB73,,,,,,,,,,,,,,
LANDB178,,,,GUAN34,,,,,B73xRS14-2417.1,RS15-1229.1xB73,,,,,,,,,,,,,,
LANDB179,,,,GUER224,,,,,RS12-194.1xB73,RS15-1230.1xB73,,,,,,,,,,,,,,
LANDB180,,,,MICH26,,,,,RS12-193.2xB73,RS15-1231.1xB73,,,,,,,,,,,,,,
LANDB195A,,,,PUEB91,,,,,RS12-68.1 x 237,B73xRS18-3386,,RS18-12793.1@,UNISEM19B-12618,RS20-3466@,,,,,,,,,,
LANDB195B,,,,PUEB91,,,,,RS12-68.1 x 237,B73xRS18-3386,,RS18-12793.4@,UNISEM19A_RS-250(RS19-7250)@,UNISEM19B-12746,RS20-3449.1@,,,,,,,,,
LANDB195C,,,,PUEB91,,,,,RS12-68.1 x 237,B73xRS18-3386,,RS18-12793.5@,UNISEM19A_RS-251(RS19-7251)@,,,UNISEM19A_RS-251(RS19-7251)@,,,,,,,,
LANDB196,,,,GUAN28,,,,,RS12-68.2 x 238,B73xRS18-3387,,RS18-12794.1@,UNISEM19A_RS-252(RS19-7252)@,,,UNISEM19A_RS-252(RS19-7252)@,,,,,,,,
LANDB197A,,,,YUCA7,,,,,RS12-68.3 x 239,B73xRS18-3388,,RS18-12795.1@,UNISEM19A_RS-253(RS19-7253)@,,,UNISEM19A_RS-253(RS19-7253)@,,,,,,,,
LANDB197B,,,,YUCA7,,,,,RS12-68.3 x 239,B73xRS18-3388,,RS18-12795.2@,UNISEM19A_RS-254(RS19-7254)@,UNISEM19B-12750,RS20-3450.1@,,,,,,,,,
LANDB198A,,,,GUAN34,,,,,RS12-68.6 x 250,B73xRS18-3389,,RS18-12796.1@,UNISEM19A_RS-255(RS19-7255)@,,,UNISEM19A_RS-255(RS19-7255)@,,,,,,,,
LANDB198B,,,,GUAN34,,,,,RS12-68.6 x 250,B73xRS18-3389,,RS18-12796.4@,UNISEM19A_RS-256(RS19-7256)@,UNISEM19B-12752,RS20-3451.1@,,,,,,,,,
LANDB199,,,,NAYA24,,,,,RS12-68.7 x 251,B73xRS18-3390,,,,,,,,,,,,,,
LANDB200,Mex_1_Mid,CIMMYTMA-019935,,,PEPITI,18.5,-98.76666667,1034,,,,,,,,,,,,,,,,
LANDB201,Mex_2_Mid,CIMMYTMA-013453,,,,20.15,-101.1833333,1828,RS19-15001.1 x B73,,,,,,,,,,,,,,,
LANDB202,Mex_3_Mid,CIMMYTMA-016387,,,,20.526344,-101.051197,1729,B73xRS19-1904,,,,,,,,,,,,,,,
LANDB203,Mex_4_Mid,CIMMYTMA-001479,,,TABLON,19.98333333,-102.3,1568,B73xRS19-1920.1,,,,,,,,,,,,,,,
LANDB204,Mex_5_Mid,CIMMYTMA-001503,,,CONNOR,22.199415,-102.310212,1930,,,,,,,,,,,,,,,,
LANDB205,Mex_6_Mid,CIMMYTMA-020244,,,BOLITA,17.060938,-96.809611,1626,B73xRS19-1895.3,,,,,,,,,,,,,,,
LANDB206,Mex_7_Mid,CIMMYTMA-018523,,,,19.469084,-102.06122,1902,,,,,,,,,,,,,,,,
LANDB207,Mex_8_Mid,CIMMYTMA-021358,,,TUXPEN,19.967035,-97.597842,1500,RS19-15004.1 x B73,,,,,,,,,,,,,,,
LANDB208,Mex_9_Mid,CIMMYTMA-013975,,,CHALQU,21.049644,-99.81409,1332,,,,,,,,,,,,,,,,
LANDB209,Mex_10_Mid,CIMMYTMA-000250,,,BOLITA,16.826141,-96.675921,1526,B73xRS19-1906.2,,,,,,,,,,,,,,,
LANDB210,Mex_11_Mid,CIMMYTMA-021086,,,PERLA,29.259947,-107.423301,1861,B73xRS19-1892.1,,,,,,,,,,,,,,,
LANDB211,Mex_12_Mid,CIMMYTMA-006939,,,REVENT,22.394537,-103.7373,1358,B73xRS19-1937.3,,,,,,,,,,,,,,,
LANDB212,Mex_13_Mid,CIMMYTMA-023931,,,TABLON,20.53333333,-104.7833333,1237,B73xRS19-1900.3,,,,,,,,,,,,,,,
LANDB213,Mex_14_Mid,CIMMYTMA-000787,,,,16.328624,-91.943308,1494,B73xRS19-1944.2,,,,,,,,,,,,,,,
LANDB214,Mex_15_Mid,CIMMYTMA-019833,,,PEPITI,18.76666667,-98.98333333,1213,,,,,,,,,,,,,,,,
LANDB215,Mex_16_Mid,CIMMYTMA-006802,,,TUXPEN,28.611505,-105.97864,1425,B73xRS19-1932.3,,,,,,,,,,,,,,,
LANDB216,Mex_17_Mid,CIMMYTMA-023160,,,TEPECI,17.243384,-96.196364,1084,,,,,,,,,,,,,,,,
LANDB217,Mex_18_Mid,CIMMYTMA-018336,,,CELAYA,21.851035,-102.764636,1606,,,,,,,,,,,,,,,,
LANDB218,Mex_19_Mid,CIMMYTMA-016004,,,CELAYA,21.36666667,-101.9166667,1873,B73xRS19-1927.1,,,,,,,,,,,,,,,
LANDB219,Mex_20_Mid,CIMMYTMA-006837,,,TABLON,28.96666667,-107.8333333,1870,B73xRS19-1918.3,,,,,,,,,,,,,,,
LANDB220,Mex_21_Mid,CIMMYTMA-005843,,,OLOTON,16.233634,-97.28339,1512,B73xRS19-1899.2 [.3],,,,,,,,,,,,,,,
LANDB221,Mex_22_Mid,CIMMYTMA-019828,,,CONICO,21.16666667,-102.45,1781,,,,,,,,,,,,,,,,
LANDB222,Mex_23_Mid,CIMMYTMA-023645,,,,21.8,-100.9166667,1842,B73xRS19-1931.1,,,,,,,,,,,,,,,
LANDB223,Mex_24_Mid,CIMMYTMA-023892,,,,20.73,-101.9,1720,RS19-1941 x B73,,,,,,,,,,,,,,,
LANDB224,Mex_25_Mid,CIMMYTMA-016355,,,,20.28333333,-103.4166667,1530,B73xRS19-1943,,,,,,,,,,,,,,,
LANDB225,Mex_26_Mid,CIMMYTMA-019986,,,MUSHIT,19.08333333,-97.03333333,1486,B73xRS19-1919.1,,,,,,,,,,,,,,,
LANDB226,Mex_27_Mid,CIMMYTMA-018416,,,,18.554474,-98.519476,1202,,,,,,,,,,,,,,,,
LANDB227,Mex_28_Mid,CIMMYTMA-021092,,,CELAYA,28.93333333,-107.5666667,1953,B73xRS19-1928.2,,,,,,,,,,,,,,,
LANDB228,Mex_29_Mid,CIMMYTMA-020738,,,CONNOR,24.51666667,-104.6666667,1928,B73xRS19-1938.2,,,,,,,,,,,,,,,
LANDB229,Mex_30_Mid,CIMMYTMA-013828,,,CELAYA,20.66666667,-103.3333333,1563,,,,,,,,,,,,,,,,
LANDB230,SA_2_Mid,CIMMYTMA-010421,,,,-12.780901,-72.619485,1112,B73xRS19-1905.1,,,,,,,,,0,,,,,,
LANDB231,SA_3_Mid,CIMMYTMA-007909,,,GALLIN,-3.675761,-79.675427,1236,,,,,,,,,,0,,,,,,
LANDB232,SA_4_Mid,CIMMYTMA-016803,,,,-16.708073,-71.881796,1248,,,,,,,,,,0,,,,,,
LANDB233,SA_5_Mid,CIMMYTMA-023793,,,,-5.144631,-79.017814,1501,,,,,,,,,,0,,,,,,
LANDB234,SA_7_Mid,CIMMYTMA-014811,,,,-15.312489,-68.317686,1006,,,,,,,,,,0,,,,,,
LANDB235,SA_10_Mid,CIMMYTMA-017149,,,,-19.802454,-63.949143,1185,RS19-15016.1 x B73,,,,,,,,,0,,,,,,
LANDB236,SA_11_Mid,CIMMYTMA-017176,,,,-16.300228,-67.449406,1681,,,,,,,,,,0,,,,,,
LANDB237,SA_13_Mid,CIMMYTMA-014214,,,AYZUMA,-17.950849,-64.76701,1800,RS19-1924 x B73,,,,,,,,,0,,,,,,
LANDB238,SA_14_Mid,CIMMYTMA-014575,,,,-5.930553,-77.237115,1000,B73xRS19-1907.2,,,,,,,,,0,,,,,,
LANDB239,SA_15_Mid,CIMMYTMA-015082,,,,-18.197621,-63.875506,1676,RS19-15018.1 x B73,,,,,,,,,0,,,,,,
LANDB240,SA_16_Mid,CIMMYTMA-018689,,,,-18.4902,-64.090414,1978,,,,,,,,,,0,,,,,,
LANDB241,SA_17_Mid,CIMMYTMA-015038,,,,-22.03333333,-64.45,1104,RS19-1930.1 x B73,,,,,,,,,0,,,,,,
LANDB242,SA_19_Mid,CIMMYTMA-028568,,,AM8HIL,-22.278901,-64.688876,1548,RS19-1914.1 x B73,,,,,,,,,0,,,,,,
LANDB243,SA_20_Mid,CIMMYTMA-018195,,,MORCAJ,-6.633333333,-78.25,1730,B73xRS19-1946.2,,,,,,,,,0,,,,,,
LANDB244,SA_21_Mid,CIMMYTMA-016944,,,,-18.478497,-63.836848,1846,,,,,,,,,,0,,,,,,
LANDB245,SA_22_Mid,CIMMYTMA-014567,,,,-10.56666667,-75.4,1858,,,,,,,,,,0,,,,,,
LANDB246,SA_23_Mid,CIMMYTMA-003170,,,COMUN,4.754947,-76.256765,1500,,,,,,,,,,0,,,,,,
LANDB247,SA_24_Mid,CIMMYTMA-012388,,,,-5.32969,-79.430915,1978,RS19-1896.1 x B73,,,,,,,,,0,,,,,,
LANDB248,SA_25_Mid,CIMMYTMA-014823,,,,-20.266687,-64.083629,1244,B73xRS19-1903.1,,,,,,,,,0,,,,,,
LANDB249,SA_26_Mid,CIMMYTMA-015733,,,,0.084835,-78.742855,1563,RS19-1912.1 x B73,,,,,,,,,0,,,,,,
LANDB250,SA_27_Mid,CIMMYTMA-017308,,,,-14.650366,-68.591021,1920,RS19-1917 x B73,,,,,,,,,0,,,,,,
LANDB251,SA_28_Mid,CIMMYTMA-014878,,,,-4.258166,-79.220175,1550,RS19-15023.1 x B73,,,,,,,,,,,,,,,
LANDB252,SA_29_Mid,CIMMYTMA-024489,,,CALCHA,-24.216859,-65.255424,1180,,,,,,,,,,,,,,,,
LANDB253,SA_30_Mid,CIMMYTMA-014335,,,PATILL,-21.4,-64.7,1890,RS19-1945 x B73,,,,,,,,,,,,,,,
LANDB254,SA_31_Mid,CIMMYTMA-015732,,,,-1.399065,-78.42646,1837,B73xRS19-1908.2,,,,,,,,,,,,,,,
LANDB259,Highland Diallel,CIMMYTMA-007571,,,CACAHU,19.268596,-98.523863,2438,B73xRS18-3051.4,B73xRS19-3060.1,,,,,,,,,,,,,,
LANDB260,Highland Diallel,CIMMYTMA-020943,,,ARROAM,19.28333333,-97.33333333,2514,B73 x RS18-3051.4,RS19-3059.1xB73,RS19-3059.2xB73,,,,,,,,,,,,,
LANDB261A,Highland Diallel,CIMMYTMA-002233,,,PALOME,19.286184,-99.570871,2597,B73 x RS18-3052.3,B73xRS19-3061.1,,,,,,,,,,,,,,
LANDB262,Highland Diallel,CIMMYTMA-016018,,,CONICO,19.299615,-99.670425,2781,B73 x RS18-143.2,,,,,,,,,,,,,,,
LANDB263,Highland Diallel,CIMMYTMA-016091,,,AZUL,19.258453,-99.546269,2585,B73 x RS18-3054.2,RS19-3063.1xB73,RS19-3063.2xB73,,,,,,,,,,,,,
LANDB264,Highland Diallel,CIMMYTMA-018249,,,CPUNTI,-12.144625,-75.231622,3188,B73 xRS18-145.7,,,,,,,,,,,,,,,
LANDB265,Highland Diallel,CIMMYTMA-024936,,,SNJERO,-12.142229,-75.23009,3188,B73 x RS18-2385.5,RS19-3051.1xB73,RS19-3051.2xB73,,,,,,,,,,,,,
LANDB266,Highland Diallel,CIMMYTMA-012831,,,GRANAD,-12.11666667,-75.26666667,3241,B73 x RS18-147.5,RS19-3058.1xB73,RS19-3058.2xB73,,,,,,,,,,,,,
LANDB267,Highland Diallel,CIMMYTMA-012807,,,HUANCA,-12.284165,-74.873418,2418,B73 x RS18-3058.9,RS19-3062.1xB73,,,,,,,,,,,,,,
LANDB268,Highland Diallel,CIMMYTMA-012471,,,CONMOR,-13.192147,-74.112672,3075,B73 x RS18-149.3,RS19-3048.1xB73,RS19-3048.2xB73,,,,,,,,,,,,,
LANDB269,Carib_SA_Coast_1,CIMMYTMA-001125,,,STCROI,18.08333333,-66.36666667,230,B73 x RS18-150.6,,,,,,,,,,,,,,,
LANDB270,Carib_SA_Coast_2,CIMMYTMA-001303,,,CUBAAM,20.73333333,-76.38333333,62,,,,,,,,,,,,,,,,
LANDB271,Carib_SA_Coast_3,CIMMYTMA-001312,,,CANILL,18.55853,-74.264148,167,RS19-1753.1 x B73,,,,,,,,,,,,,,,
LANDB272,Carib_SA_Coast_4,CIMMYTMA-001315,,,CHANDE,19.736877,-70.928539,162,RS19-15027.1 x B73,,,,,,,,,,,,,,,
LANDB273,Carib_SA_Coast_5,CIMMYTMA-001326,,,CHANDE,18.059362,-66.399305,160,RS19-1755.1 x B73,,,,,,,,,,,,,,,
LANDB274,Carib_SA_Coast_6,CIMMYTMA-001334,,,STCROI,17.718069,-64.706515,31,RS19-1756.1 x B73,,,,,,,,,,,,,,,
LANDB275,Carib_SA_Coast_7,CIMMYTMA-002428,,,TUSON,21.2,-76.61666667,11,RS19-1757.1 x B73,,,,,,,,,,,,,,,
LANDB276,Carib_SA_Coast_8,CIMMYTMA-002438,,,FTCUBA,22.41666667,-83.73333333,79,RS19-1758.1 x B73,,,,,,,,,,,,,,,
LANDB277,Carib_SA_Coast_9,CIMMYTMA-002444,,,TUSON,20.9,-76.25,150,RS19-1759.1 x B73,,,,,,,,,,,,,,,
LANDB278,Carib_SA_Coast_10,CIMMYTMA-002445,,,FTCUBA,20.676748,-75.729414,20,RS19-1760.1 x B73,,,,,,,,,,,,,,,
LANDB279,Carib_SA_Coast_11,CIMMYTMA-002458,,,CANILL,12.2,-61.63,63,RS19-1761.1 x B73,,,,,,,,,,,,,,,
LANDB280,Carib_SA_Coast_12,CIMMYTMA-002460,,,CHANDE,18.563505,-74.267982,154,,,,,,,,,,,,,,,,
LANDB281,Carib_SA_Coast_13,CIMMYTMA-002479,,,,19.646842,-70.013422,240,RS19-15029.1 x B73,,,,,,,,,,,,,,,
LANDB282,Carib_SA_Coast_14,CIMMYTMA-002674,,,AVMORO,-23.916667,-51.866667,339,RS19-1764.1 x B73,,,,,,,,,,,,,,,
LANDB283,Carib_SA_Coast_15,CIMMYTMA-002776,,,SYIVAM,-23.916667,-51.866667,337,,,,,,,,,,,,,,,,
LANDB284,Carib_SA_Coast_16,CIMMYTMA-002893,,,,-11.55,-39.26666667,392,RS19-15031.1 x B73,,,,,,,,,,,,,,,
LANDB285,Carib_SA_Coast_17,CIMMYTMA-002899,,,TUXPEN,-10.28333333,-36.6,9,RS19-1767.1 x B73,,,,,,,,,,,,,,,
LANDB286,Carib_SA_Coast_18,CIMMYTMA-002978,,,CATETO,-3.81233,-38.693975,43,RS19-1768.1 x B73,,,,,,,,,,,,,,,
LANDB287,Carib_SA_Coast_19,CIMMYTMA-002980,,,PADENT,-3.81233,-38.693975,43,,,,,,,,,,,,,,,,
LANDB288,Carib_SA_Coast_20,CIMMYTMA-003869,,,CUBAAM,20.38333333,-76.43333333,107,,,,,,,,,,,,,,,,
LANDB289,Carib_SA_Coast_21,CIMMYTMA-003875,,,CUBAAM,20.3,-76.21666667,102,,,,,,,,,,,,,,,,
LANDB290,Carib_SA_Coast_22,CIMMYTMA-003877,,,CANILL,12.030311,-61.748698,71,RS19-1772.1 x B73,,,,,,,,,,,,,,,
LANDB291,Carib_SA_Coast_23,CIMMYTMA-003886,,,EARCAR,16.319743,-61.350975,20,,,,,,,,,,,,,,,,
LANDB292,Carib_SA_Coast_24,CIMMYTMA-003891,,,CUBAAM,16.262387,-61.581424,21,RS19-15036.1 x B73,,,,,,,,,,,,,,,
LANDB293,Carib_SA_Coast_25,CIMMYTMA-003897,,,HAITYE,19.663248,-72.678269,198,,,,,,,,,,,,,,,,
LANDB294,Carib_SA_Coast_26,CIMMYTMA-003901,,,HAITYE,19.565256,-72.500407,613,,,,,,,,,,,,,,,,
LANDB295,Carib_SA_Coast_27,CIMMYTMA-003934,,,TUXPEN,19.18333333,-70.5,196,RS19-15039.1 x B73,,,,,,,,,,,,,,,
LANDB296,Carib_SA_Coast_28,CIMMYTMA-003941,,,CHANDE,19.197019,-70.021015,65,RS19-1778.1 x B73,,,,,,,,,,,,,,,
LANDB297,Carib_SA_Coast_29,CIMMYTMA-003946,,,CANILL,19.663433,-69.952097,128,,,,,,,,,,,,,,,,
LANDB298,Carib_SA_Coast_30,CIMMYTMA-003949,,,CHANDE,19.743912,-70.874286,177,,,,,,,,,,,,,,,,
LANDB299,Carib_SA_Coast_31,CIMMYTMA-003975,,,CHANDE,17.718069,-64.706515,31,RS19-1781.1 x B73,,,,,,,,,,,,,,,
LANDB300,Carib_SA_Coast_32,CIMMYTMA-003980,,,CUACAT,13.161853,-61.221184,89,,,,,,,,,,,,,,,,
LANDB301,Carib_SA_Coast_33,CIMMYTMA-003996,,,TUSON,10.209325,-61.464321,3,RS19-1783.1 x B73,,,,,,,,,,,,,,,
LANDB302,Carib_SA_Coast_34,CIMMYTMA-004012,,,PUYA,10.548746,-61.26624,23,,,,,,,,,,,,,,,,
LANDB303,Carib_SA_Coast_35,CIMMYTMA-004015,,,CHANDE,10.502186,-61.249153,52,RS19-15044.1 x B73,,,,,,,,,,,,,,,
LANDB304,Carib_SA_Coast_36,CIMMYTMA-004017,,,PUYA,10.28333333,-61.4,43,RS19-15045.1 x B73,,,,,,,,,,,,,,,
LANDB305,Carib_SA_Coast_37,CIMMYTMA-004086,,,PADENT,-22.45,-46.93333333,626,,,,,,,,,,,,,,,,
LANDB306,Carib_SA_Coast_38,CIMMYTMA-004219,,,PADENT,-24,-48.3,698,,,,,,,,,,,,,,,,
LANDB307,Carib_SA_Coast_39,CIMMYTMA-004329,,,COTRFT,5.456466,-55.32512,11,,,,,,,,,,,,,,,,
LANDB308,Carib_SA_Coast_40,CIMMYTMA-004400,,,DTRGLI,-27.616667,-54.3,290,,,,,,,,,,,,,,,,
LANDB309,Carib_SA_Coast_41,CIMMYTMA-004421,,,DTRGRU,-31.494769,-53.340291,399,RS19-15050.1 x B73,,,,,,,,,,,,,,,
LANDB310,Carib_SA_Coast_42,CIMMYTMA-004436,,,DTRGLI,-28.263266,-54.009359,310,,,,,,,,,,,,,,,,
LANDB311,Carib_SA_Coast_43,CIMMYTMA-004534,,,DTRGRU,-29.33333333,-54.16666667,322,,,,,,,,,,,,,,,,
LANDB312,Carib_SA_Coast_44,CIMMYTMA-004550,,,DTRGLI,-28.365057,-54.283493,250,,,,,,,,,,,,,,,,
LANDB313,Carib_SA_Coast_45,CIMMYTMA-004651,,,RGWHDT,-28.365057,-54.283493,274,,,,,,,,,,,,,,,,
LANDB314,Carib_SA_Coast_46,CIMMYTMA-004660,,,RGWHDT,-29.33333333,-54.16666667,274,RS19-1796.1 x B73,,,,,,,,,,,,,,,
LANDB315,Carib_SA_Coast_47,CIMMYTMA-004669,,,RGWHDT,-29.33333333,-54.16666667,274,,,,,,,,,,,,,,,,
LANDB316,Carib_SA_Coast_48,CIMMYTMA-004678,,,SDENRG,-28.033333,-54.333333,412,RS19-1798.1 x B73,,,,,,,,,,,,,,,
LANDB317,Carib_SA_Coast_49,CIMMYTMA-004776,,,PADENT,-20.62891,-51.127617,353,,,,,,,,,,,,,,,,
LANDB318,Carib_SA_Coast_50,CIMMYTMA-004781,,,PADENT,-21.533333,-51.483333,373,RS19-1800.1 x B73,,,,,,,,,,,,,,,
LANDB319,Carib_SA_Coast_51,CIMMYTMA-004811,,,PADENT,-23.4,-45.88333333,666,RS19-1801.1 x B73,,,,,,,,,,,,,,,
LANDB320,Carib_SA_Coast_52,CIMMYTMA-004817,,,PADENT,-23.076071,-47.959266,515,,,,,,,,,,,,,,,,
LANDB321,Carib_SA_Coast_53,CIMMYTMA-004821,,,#N/A,#N/A,#N/A,#N/A,RS19-15058.1 x B73,,,,,,,,,,,,,,,
LANDB322,Carib_SA_Coast_54,CIMMYTMA-004824,,,PADENT,-23.397216,-49.519177,534,,,,,,,,,,,,,,,,
LANDB323,Carib_SA_Coast_55,CIMMYTMA-004828,,,PADENT,-22.537739,-47.937215,632,,,,,,,,,,,,,,,,
LANDB324,Carib_SA_Coast_56,CIMMYTMA-004856,,,CATETO,-21.583333,-48.766667,552,,,,,,,,,,,,,,,,
LANDB325,Carib_SA_Coast_57,CIMMYTMA-004870,,,CATETO,-23.397216,-49.519177,534,,,,,,,,,,,,,,,,
LANDB326,Carib_SA_Coast_58,CIMMYTMA-004910,,,PADENT,-21.78333333,-50.83333333,455,,,,,,,,,,,,,,,,
LANDB327,Carib_SA_Coast_59,CIMMYTMA-004978,,,PADENT,-23.11666667,-47.71666667,505,,,,,,,,,,,,,,,,
LANDB328,Carib_SA_Coast_60,CIMMYTMA-004979,,,PADENT,-22.91666667,-45.46666667,539,,,,,,,,,,,,,,,,
LANDB329,Carib_SA_Coast_61,CIMMYTMA-004987,,,CRAVPA,-23.088964,-47.241578,615,RS19-15066.1 x B73,,,,,,,,,,,,,,,
LANDB330,Carib_SA_Coast_62,CIMMYTMA-004993,,,PADENT,-22.437175,-50.202062,687,,,,,,,,,,,,,,,,
LANDB331,Carib_SA_Coast_63,CIMMYTMA-005057,,,CATETO,-23.18333333,-45.88333333,594,RS19-1813.1 x B73,,,,,,,,,,,,,,,
LANDB332,Carib_SA_Coast_64,CIMMYTMA-005084,,,PADENT,-12.651497,-39.1086,201,RS19-1814.1 x B73,,,,,,,,,,,,,,,
LANDB333,Carib_SA_Coast_65,CIMMYTMA-005371,,,CUBAAM,22.971991,-81.507393,99,RS19-1815.1 x B73,,,,,,,,,,,,,,,
LANDB334,Carib_SA_Coast_66,CIMMYTMA-005463,,,CHARUA,-28.515684,-49.005651,2,RS19-1816.1 x B73,,,,,,,,,,,,,,,
LANDB335,Carib_SA_Coast_67,CIMMYTMA-005467,,,PADENT,-20.7,-42.71666667,685,RS19-1817.1 x B73,,,,,,,,,,,,,,,
LANDB336,Carib_SA_Coast_68,CIMMYTMA-005495,,,DENTAD,-28.51666667,-49.31666667,50,RS19-1818.1 x B73,,,,,,,,,,,,,,,
LANDB337,Carib_SA_Coast_69,CIMMYTMA-005534,,,PADENT,-20.8,-49.38333333,514,,,,,,,,,,,,,,,,
LANDB338,Carib_SA_Coast_70,CIMMYTMA-005541,,,PADENT,-22.45,-46.93333333,626,RS19-15069.1 x B73,,,,,,,,,,,,,,,
LANDB339,Carib_SA_Coast_71,CIMMYTMA-005545,,,PADENT,-22.437301,-46.852271,660,,,,,,,,,,,,,,,,
LANDB340,Carib_SA_Coast_72,CIMMYTMA-005561,,,STCROI,17.718069,-64.706515,31,RS19-15071.1 x B73,,,,,,,,,,,,,,,
LANDB341,Carib_SA_Coast_73,CIMMYTMA-005563,,,DENTAD,-28.920044,-49.457185,9,,,,,,,,,,,,,,,,
LANDB342,Carib_SA_Coast_74,CIMMYTMA-005657,,,TUSON,20.862895,-76.463107,118,,,,,,,,,,,,,,,,
LANDB343,Carib_SA_Coast_75,CIMMYTMA-005907,,,REDDNT,-27.21666667,-49.65,345,,,,,,,,,,,,,,,,
LANDB344,Carib_SA_Coast_76,CIMMYTMA-005926,,,PINTFT,-28.527081,-53.998021,391,,,,,,,,,,,,,,,,
LANDB345,Carib_SA_Coast_77,CIMMYTMA-006143,,,PADENT,-22.232837,-49.825724,625,,,,,,,,,,,,,,,,
LANDB346,Carib_SA_Coast_78,CIMMYTMA-006162,,,DENBRA,-32.68333333,-58.13333333,8,RS19-1828.1 x B73,,,,,,,,,,,,,,,
LANDB347,Carib_SA_Coast_79,CIMMYTMA-006672,,,PADENT,-20.93333333,-49.21666667,547,,,,,,,,,,,,,,,,
LANDB348,Carib_SA_Coast_80,CIMMYTMA-007387,,,AVMORO,-23.916667,-51.866667,339,,,,,,,,,,,,,,,,
LANDB349,Carib_SA_Coast_81,CIMMYTMA-007420,,,DTRGRU,-29.674475,-53.890233,105,,,,,,,,,,,,,,,,
LANDB350,Carib_SA_Coast_82,CIMMYTMA-007429,,,DTRGLI,-27.616667,-54.3,290,RS19-15080.1 x B73,,,,,,,,,,,,,,,
LANDB351,Carib_SA_Coast_83,CIMMYTMA-007431,,,DTRGRU,-29.099481,-50.622391,880,,,,,,,,,,,,,,,,
LANDB352,Carib_SA_Coast_84,CIMMYTMA-007491,,,DTRGRU,-28.03333333,-54.33333333,418,RS19-1834.1 x B73,,,,,,,,,,,,,,,
LANDB353,Carib_SA_Coast_85,CIMMYTMA-007492,,,DTRGRU,-27.580314,-53.960459,424,,,,,,,,,,,,,,,,
LANDB354,Carib_SA_Coast_86,CIMMYTMA-007498,,,CRAVRG,-28.263266,-54.009359,310,,,,,,,,,,,,,,,,
LANDB355,Carib_SA_Coast_87,CIMMYTMA-007773,,,PADENT,-22.625913,-48.806462,611,,,,,,,,,,,,,,,,
LANDB356,Carib_SA_Coast_88,CIMMYTMA-007802,,,PADENT,-22.612407,-47.210516,600,,,,,,,,,,,,,,,,
LANDB357,Carib_SA_Coast_89,CIMMYTMA-007815,,,PADENT,-22.01666667,-47.9,826,RS19-1839 x B73,,,,,,,,,,,,,,,
LANDB358,Carib_SA_Coast_90,CIMMYTMA-007818,,,PADENT,-21.93333333,-50.5,499,RS19-1840.1 x B73,,,,,,,,,,,,,,,
LANDB359,Carib_SA_Coast_91,CIMMYTMA-007826,,,PADENT,-21.66666667,-49.75,443,,,,,,,,,,,,,,,,
LANDB360,Carib_SA_Coast_92,CIMMYTMA-007844,,,PADENT,-12.43333333,-39.21666667,208,RS19-1842.1 x B73,,,,,,,,,,,,,,,
LANDB361A,Carib_SA_Coast_93,CIMMYTMA-008395,,,TUXPEN,-25.8,-49.75,921,RS19-1843.1 x B73,RS20-3467xB73,,,,,,,,,,,,,,
LANDB361B,Carib_SA_Coast_93,CIMMYTMA-008395,,,TUXPEN,-25.8,-49.75,921,RS19-1843.1 x B73,RS20-3467xB73,,,,,,,,,,,,,,
LANDB361C,Carib_SA_Coast_93,CIMMYTMA-008395,,,TUXPEN,-25.8,-49.75,921,RS19-1843.1 x B73,RS20-3467xB73,,,,,,,,,,,,,,
LANDB362,Carib_SA_Coast_94,CIMMYTMA-009140,,,DTRGLI,-28.36666667,-53.88333333,309,,,,,,,,,,,,,,,,
LANDB363A,Carib_SA_Coast_95,CIMMYTMA-009141,,,DTRGLI,-28.515684,-49.005651,2,RS19-1845.1 x B73,RS20-3468xB73,,,,,,,,,,,,,,
LANDB363B,Carib_SA_Coast_95,CIMMYTMA-009141,,,DTRGLI,-28.515684,-49.005651,2,RS19-1845.1 x B73,RS20-3468xB73,,,,,,,,,,,,,,
LANDB363C,Carib_SA_Coast_95,CIMMYTMA-009141,,,DTRGLI,-28.515684,-49.005651,2,RS19-1845.1 x B73,RS20-3468xB73,,,,,,,,,,,,,,
LANDB364,Carib_SA_Coast_96,CIMMYTMA-009472,,,COSTEN,7.827287,-72.453725,401,,,,,,,,,,,,,,,,
LANDB365,Carib_SA_Coast_97,CIMMYTMA-009509,,,PUYAGR,9.411944,-67.465871,126,,,,,,,,,,,,,,,,
LANDB366A,Carib_SA_Coast_98,CIMMYTMA-010185,,,CATSUL,-33.494989,-58.255224,18,RS19-1848.1 x B73,RS20-3469xB73,,,,,,,,,,,,,,
LANDB366B,Carib_SA_Coast_98,CIMMYTMA-010185,,,CATSUL,-33.494989,-58.255224,18,RS19-1848.1 x B73,RS20-3469xB73,,,,,,,,,,,,,,
LANDB366C,Carib_SA_Coast_98,CIMMYTMA-010185,,,CATSUL,-33.494989,-58.255224,18,RS19-1848.1 x B73,RS20-3469xB73,,,,,,,,,,,,,,
LANDB367,Carib_SA_Coast_99,CIMMYTMA-011127,,,,8.291141,-72.360865,59,RS19-15090.1 x B73,,,,,,,,,,,,,,,
LANDB368A,Carib_SA_Coast_100,CIMMYTMA-011194,,,PAILON,8.267071,-70.556081,153,RS19-1850.1 x B73,RS20-3470xB73,,,,,,,,,,,,,,
LANDB368B,Carib_SA_Coast_100,CIMMYTMA-011194,,,PAILON,8.267071,-70.556081,153,RS19-1850.1 x B73,RS20-3470xB73,,,,,,,,,,,,,,
LANDB368C,Carib_SA_Coast_100,CIMMYTMA-011194,,,PAILON,8.267071,-70.556081,153,RS19-1850.1 x B73,RS20-3470xB73,,,,,,,,,,,,,,
LANDB369,Carib_SA_Coast_101,CIMMYTMA-011242,,,PUYA,10.464608,-68.012668,9,RS19-15091.1 x B73,,,,,,,,,,,,,,,
LANDB370,Carib_SA_Coast_102,CIMMYTMA-011331,,,CHANDE,7.488302,-70.306586,110,,,,,,,,,,,,,,,,
LANDB371A,Carib_SA_Coast_103,CIMMYTMA-011346,,,TUXPEN,10.568005,-69.691145,270,RS19-1853.1 x B73,RS20-3471.1xB73,,,,,,,,,,,,,,
LANDB371B,Carib_SA_Coast_103,CIMMYTMA-011346,,,TUXPEN,10.568005,-69.691145,270,RS19-1853.1 x B73,RS20-3471.1xB73,,,,,,,,,,,,,,
LANDB371C,Carib_SA_Coast_103,CIMMYTMA-011346,,,TUXPEN,10.568005,-69.691145,270,RS19-1853.1 x B73,RS20-3471.1xB73,,,,,,,,,,,,,,
LANDB372,Carib_SA_Coast_104,CIMMYTMA-011348,,,COSTEN,9.658501,-68.158666,153,,,,,,,,,,,,,,,,
LANDB373A,Carib_SA_Coast_105,CIMMYTMA-013345,,,,19.38583,-70.639142,197,RS19-1855.1 x B73,RS20-3472xB73,,,,,,,,,,,,,,
LANDB373B,Carib_SA_Coast_105,CIMMYTMA-013345,,,,19.38583,-70.639142,197,RS19-1855.1 x B73,RS20-3472xB73,,,,,,,,,,,,,,
LANDB373C,Carib_SA_Coast_105,CIMMYTMA-013345,,,,19.38583,-70.639142,197,RS19-1855.1 x B73,RS20-3472xB73,,,,,,,,,,,,,,
LANDB374A,Carib_SA_Coast_106,CIMMYTMA-013363,,,,19.437646,-70.74942,223,RS19-1856.1 x B73,RS20-3473xB73,,,,,,,,,,,,,,
LANDB374B,Carib_SA_Coast_106,CIMMYTMA-013363,,,,19.437646,-70.74942,223,RS19-1856.1 x B73,RS20-3473xB73,,,,,,,,,,,,,,
LANDB374C,Carib_SA_Coast_106,CIMMYTMA-013363,,,,19.437646,-70.74942,223,RS19-1856.1 x B73,RS20-3473xB73,,,,,,,,,,,,,,
LANDB375A,Carib_SA_Coast_107,CIMMYTMA-013997,,,,18.61,-68.7,86,RS19-1857.1 x B73,RS20-3474xB73,,,,,,,,,,,,,,
LANDB375B,Carib_SA_Coast_107,CIMMYTMA-013997,,,,18.61,-68.7,86,RS19-1857.1 x B73,RS20-3474xB73,,,,,,,,,,,,,,
LANDB375C,Carib_SA_Coast_107,CIMMYTMA-013997,,,,18.61,-68.7,86,RS19-1857.1 x B73,RS20-3474xB73,,,,,,,,,,,,,,
LANDB376,Carib_SA_Coast_108,CIMMYTMA-014149,,,,-15.79,-43.24,678,,,,,,,,,,,,,,,,
LANDB377,Carib_SA_Coast_109,CIMMYTMA-014192,,,DENTAD,-8.283333333,-35.96666667,537,,,,,,,,,,,,,,,,
LANDB378A,Carib_SA_Coast_110,CIMMYTMA-014421,,,CHANDE,9.426424,-70.462042,627,RS19-1860.1 x B73,RS20-3475xB73,,,,,,,,,,,,,,
LANDB378B,Carib_SA_Coast_110,CIMMYTMA-014421,,,CHANDE,9.426424,-70.462042,627,RS19-1860.1 x B73,RS20-3475xB73,,,,,,,,,,,,,,
LANDB378C,Carib_SA_Coast_110,CIMMYTMA-014421,,,CHANDE,9.426424,-70.462042,627,RS19-1860.1 x B73,RS20-3475xB73,,,,,,,,,,,,,,
LANDB379,Carib_SA_Coast_111,CIMMYTMA-014423,,,ARAGUI,8.916666667,-64.25,282,RS19-15079.1 x B73,,,,,,,,,,,,,,,
LANDB380,Carib_SA_Coast_112,CIMMYTMA-014431,,,,9.379051,-67.043056,146,,,,,,,,,,,,,,,,
LANDB381A,Carib_SA_Coast_113,CIMMYTMA-014435,,,CHANDE,10.11666667,-66.76666667,195,RS19-1863.1 x B73,RS20-3476xB73,,,,,,,,,,,,,,
LANDB381B,Carib_SA_Coast_113,CIMMYTMA-014435,,,CHANDE,10.11666667,-66.76666667,195,RS19-1863.1 x B73,RS20-3476xB73,,,,,,,,,,,,,,
LANDB381C,Carib_SA_Coast_113,CIMMYTMA-014435,,,CHANDE,10.11666667,-66.76666667,195,RS19-1863.1 x B73,RS20-3476xB73,,,,,,,,,,,,,,
LANDB382,Carib_SA_Coast_114,CIMMYTMA-015382,,,DENTAD,-11.23333333,-38.48333333,153,,,,,,,,,,,,,,,,
LANDB383,Carib_SA_Coast_115,CIMMYTMA-015391,,,,-10.7,-38.18333333,257,,,,,,,,,,,,,,,,
LANDB384,Carib_SA_Coast_116,CIMMYTMA-015411,,,DENTAD,-7.983333333,-38.3,420,RS19-15100.1 x B73,,,,,,,,,,,,,,,
LANDB385A,Carib_SA_Coast_117,CIMMYTMA-015441,,,PIPOCA,-6.45,-37.1,152,RS19-1867.1 x B73,RS20-3477xB73,,,,,,,,,,,,,,
LANDB385B,Carib_SA_Coast_117,CIMMYTMA-015441,,,PIPOCA,-6.45,-37.1,152,RS19-1867.1 x B73,RS20-3477xB73,,,,,,,,,,,,,,
LANDB385C,Carib_SA_Coast_117,CIMMYTMA-015441,,,PIPOCA,-6.45,-37.1,152,RS19-1867.1 x B73,RS20-3477xB73,,,,,,,,,,,,,,
LANDB386,Carib_SA_Coast_118,CIMMYTMA-015444,,,,-17.83333333,-39.41666667,7,RS19-15101.1 x B73,,,,,,,,,,,,,,,
LANDB387,Carib_SA_Coast_119,CIMMYTMA-015481,,,PIPOCA,-11.23333333,-38.48333333,153,,,,,,,,,,,,,,,,
LANDB388,Carib_SA_Coast_120,CIMMYTMA-015679,,,,22.88333333,-82.5,51,RS19-15103.1 x B73,,,,,,,,,,,,,,,
LANDB389,Carib_SA_Coast_121,CIMMYTMA-015708,,,,22.939293,-80.849089,21,,,,,,,,,,,,,,,,
LANDB390A,Carib_SA_Coast_122,CIMMYTMA-015717,,,,23.012475,-81.565307,77,RS19-1872.1 x B73,RS20-3478xB73,,,,,,,,,,,,,,
LANDB390B,Carib_SA_Coast_122,CIMMYTMA-015717,,,,23.012475,-81.565307,77,RS19-1872.1 x B73,RS20-3478xB73,,,,,,,,,,,,,,
LANDB390C,Carib_SA_Coast_122,CIMMYTMA-015717,,,,23.012475,-81.565307,77,RS19-1872.1 x B73,RS20-3478xB73,,,,,,,,,,,,,,
LANDB391,Carib_SA_Coast_123,CIMMYTMA-016141,,,HAITYE,18.563505,-74.267982,154,,,,,,,,,,,,,,,,
LANDB392,Carib_SA_Coast_124,CIMMYTMA-016218,,,,19.443545,-70.777325,177,RS19-15106.1 x B73,,,,,,,,,,,,,,,
LANDB393A,Carib_SA_Coast_125,CIMMYTMA-018306,,,PIPOCA,-11.36666667,-38.35,153,RS19-1875.1 x B73,RS20-3479xB73,,,,,,,,,,,,,,
LANDB393B,Carib_SA_Coast_125,CIMMYTMA-018306,,,PIPOCA,-11.36666667,-38.35,153,RS19-1875.1 x B73,RS20-3479xB73,,,,,,,,,,,,,,
LANDB393C,Carib_SA_Coast_125,CIMMYTMA-018306,,,PIPOCA,-11.36666667,-38.35,153,RS19-1875.1 x B73,RS20-3479xB73,,,,,,,,,,,,,,
LANDB394,Carib_SA_Coast_126,CIMMYTMA-018330,,,CATETO,-1.75,-53.5,22,,,,,,,,,,,,,,,,
LANDB395,Carib_SA_Coast_127,CIMMYTMA-019100,,,,9.101847,-62.028567,7,,,,,,,,,,,,,,,,
LANDB396,Carib_SA_Coast_128,CIMMYTMA-019130,,,,2.807101,-60.575732,78,,,,,,,,,,,,,,,,
LANDB397,Carib_SA_Coast_129,CIMMYTMA-021846,,,DENTAD,-10.06666667,-38.35,283,,,,,,,,,,,,,,,,
LANDB398,Carib_SA_Coast_130,CIMMYTMA-021865,,,,-17.6,-39.68,97,,,,,,,,,,,,,,,,
LANDB399,Carib_SA_Coast_131,CIMMYTMA-021885,,,DENTAD,-13.75,-42.46666667,675,,,,,,,,,,,,,,,,
LANDB400,Carib_SA_Coast_132,CIMMYTMA-021913,,,DENTAD,-16.86666667,-42.06666667,319,,,,,,,,,,,,,,,,
LANDB401,Carib_SA_Coast_133,CIMMYTMA-021915,,,DENTAD,-16.86666667,-42.06666667,319,,,,,,,,,,,,,,,,
LANDB402A,Carib_SA_Coast_134,CIMMYTMA-021923,,,DENTAD,-16.56666667,-41.5,244,RS19-1874.1 x B73,RS20-3480xB73,,,,,,,,,,,,,,
LANDB402B,Carib_SA_Coast_134,CIMMYTMA-021923,,,DENTAD,-16.56666667,-41.5,244,RS19-1874.1 x B73,RS20-3480xB73,,,,,,,,,,,,,,
LANDB402C,Carib_SA_Coast_134,CIMMYTMA-021923,,,DENTAD,-16.56666667,-41.5,244,RS19-1874.1 x B73,RS20-3480xB73,,,,,,,,,,,,,,
LANDB403,Carib_SA_Coast_135,CIMMYTMA-021937,,,DENTAD,-16.18333333,-40.7,189,,,,,,,,,,,,,,,,
LANDB404,Carib_SA_Coast_136,CIMMYTMA-021973,,,,-22.141975,-56.536975,176,,,,,,,,,,,,,,,,
LANDB405,Carib_SA_Coast_137,CIMMYTMA-021987,,,DENTAD,-26.035028,-53.076765,555,,,,,,,,,,,,,,,,
LANDB406,Carib_SA_Coast_138,CIMMYTMA-022004,,,DENTAD,-24.08333333,-54.16666667,281,,,,,,,,,,,,,,,,
LANDB407,Carib_SA_Coast_139,CIMMYTMA-022006,,,DENTAD,-24.08333333,-54.16666667,281,,,,,,,,,,,,,,,,
LANDB408,Carib_SA_Coast_140,CIMMYTMA-026315,,,DENTAD,-16.388263,-39.110395,57,,,,,,,,,,,,,,,,
LANDB409,Heat_Panel,CIMMYTMA-017864,,,,22.36666667,-105.5333333,6,B73xRS20-291,,,,,,,,,,,,,,,
LANDB410,Heat_Panel,CIMMYTMA-005379,,,COSTCR,20.16666667,-75.2,54,B73xRS20-275,,,,,,,,,,,,,,,
LANDB411,Drought_Panel,CIMMYTMA-028795,,,CRISCO,-30.142878,-66.535742,389,B73xRS20-265,,,,,,,,,,,,,,,
LANDB412,Heat_Panel,CIMMYTMA-002317,,,TUXPEN,24.031255,-99.206515,220,B73xRS20-271,,,,,,,,,,,,,,,
LANDB413,Highland_Pools,CIMMYTMA-020111,,,,,,,B73xRS20-208,,,,,,,,,,,,,,,
LANDB414,Highland_Pools,CIMMYTMA-029758,,,,,,,B73xRS20-212,,,,,,,,,,,,,,,
LANDB415,Highland_Pools,CIMMYTMA-029759,,,,,,,B73xRS20-213,,,,,,,,,,,,,,,